model_id,n_concepts,activation,phi,rho,divergence,error,sign_agreement
0,5,sigmoid,0.2,10.0,2.408464,1.582545e-03,0.150000
0,5,sigmoid,0.2,1000.0,1.112116,1.603929e-04,0.750000
0,5,sigmoid,0.4,10.0,2.210642,2.102760e-03,0.200000
0,5,sigmoid,0.4,1000.0,0.857735,2.129961e-04,0.750000
0,5,sigmoid,0.6,10.0,2.207197,2.248362e-03,0.200000
0,5,sigmoid,0.6,1000.0,0.823396,2.219255e-04,0.700000
0,5,sigmoid,0.8,10.0,2.234607,1.866349e-03,0.250000
0,5,sigmoid,0.8,1000.0,0.850029,2.199846e-04,0.600000
0,5,sigmoid,0.9,10.0,2.239265,1.739005e-03,0.250000
0,5,sigmoid,0.9,1000.0,0.848119,2.135471e-04,0.750000
0,5,sigmoid,1.0,10.0,1.957886,1.679938e-03,0.300000
0,5,sigmoid,1.0,1000.0,0.832481,2.237978e-04,0.750000
0,5,tanh,0.2,10.0,2.012009,5.569788e-03,0.350000
0,5,tanh,0.2,1000.0,0.526558,3.438929e-04,0.800000
0,5,tanh,0.4,10.0,1.760199,7.237799e-03,0.450000
0,5,tanh,0.4,1000.0,0.418585,4.519077e-04,0.850000
0,5,tanh,0.6,10.0,1.608480,1.097220e-02,0.400000
0,5,tanh,0.6,1000.0,0.335617,5.569451e-04,0.950000
0,5,tanh,0.8,10.0,0.916852,2.291935e-02,0.800000
0,5,tanh,0.8,1000.0,0.242247,6.672024e-04,0.950000
0,5,tanh,0.9,10.0,0.812299,1.922120e-02,0.800000
0,5,tanh,0.9,1000.0,0.221921,8.233346e-04,1.000000
0,5,tanh,1.0,10.0,0.736056,1.576193e-02,0.800000
0,5,tanh,1.0,1000.0,0.199472,9.752172e-04,1.000000
1,6,sigmoid,0.2,10.0,2.188992,1.362213e-03,0.333333
1,6,sigmoid,0.2,1000.0,1.006638,1.124957e-04,0.866667
1,6,sigmoid,0.4,10.0,2.081779,2.144162e-03,0.366667
1,6,sigmoid,0.4,1000.0,0.800497,1.506959e-04,0.900000
1,6,sigmoid,0.6,10.0,2.112656,2.600295e-03,0.300000
1,6,sigmoid,0.6,1000.0,0.763500,1.387815e-04,0.866667
1,6,sigmoid,0.8,10.0,2.072538,2.372972e-03,0.300000
1,6,sigmoid,0.8,1000.0,0.810551,1.453111e-04,0.866667
1,6,sigmoid,0.9,10.0,2.050671,2.301026e-03,0.333333
1,6,sigmoid,0.9,1000.0,0.842471,1.548744e-04,0.866667
1,6,sigmoid,1.0,10.0,2.068528,2.973517e-03,0.300000
1,6,sigmoid,1.0,1000.0,0.815071,1.640653e-04,0.833333
1,6,tanh,0.2,10.0,1.744940,5.064692e-03,0.533333
1,6,tanh,0.2,1000.0,0.578751,1.322452e-04,0.933333
1,6,tanh,0.4,10.0,1.423157,6.865389e-03,0.633333
1,6,tanh,0.4,1000.0,0.507097,2.823297e-04,0.933333
1,6,tanh,0.6,10.0,1.273680,7.698037e-03,0.600000
1,6,tanh,0.6,1000.0,0.361538,3.685922e-04,0.933333
1,6,tanh,0.8,10.0,1.135199,9.874924e-03,0.700000
1,6,tanh,0.8,1000.0,0.260934,4.328147e-04,0.966667
1,6,tanh,0.9,10.0,1.053767,1.570173e-02,0.633333
1,6,tanh,0.9,1000.0,0.259316,4.626875e-04,0.966667
1,6,tanh,1.0,10.0,1.035801,1.959406e-02,0.733333
1,6,tanh,1.0,1000.0,0.190261,6.166804e-04,1.000000
2,7,sigmoid,0.2,10.0,2.216424,1.101800e-03,0.309524
2,7,sigmoid,0.2,1000.0,1.009340,9.509036e-05,0.809524
2,7,sigmoid,0.4,10.0,2.128028,2.205618e-03,0.333333
2,7,sigmoid,0.4,1000.0,0.807980,1.103953e-04,0.857143
2,7,sigmoid,0.6,10.0,2.052246,2.391695e-03,0.357143
2,7,sigmoid,0.6,1000.0,0.774039,1.112852e-04,0.880952
2,7,sigmoid,0.8,10.0,2.027449,2.006855e-03,0.380952
2,7,sigmoid,0.8,1000.0,0.799873,1.082875e-04,0.857143
2,7,sigmoid,0.9,10.0,1.990888,2.154107e-03,0.404762
2,7,sigmoid,0.9,1000.0,0.778538,1.120785e-04,0.904762
2,7,sigmoid,1.0,10.0,2.029351,2.414572e-03,0.404762
2,7,sigmoid,1.0,1000.0,0.740260,1.057227e-04,0.833333
2,7,tanh,0.2,10.0,1.737462,3.990398e-03,0.500000
2,7,tanh,0.2,1000.0,0.671821,1.623724e-04,0.952381
2,7,tanh,0.4,10.0,1.461757,4.403370e-03,0.666667
2,7,tanh,0.4,1000.0,0.472055,2.636806e-04,0.928571
2,7,tanh,0.6,10.0,1.357057,5.862218e-03,0.666667
2,7,tanh,0.6,1000.0,0.362967,3.479501e-04,0.976190
2,7,tanh,0.8,10.0,1.105901,1.363077e-02,0.785714
2,7,tanh,0.8,1000.0,0.210292,5.455059e-04,0.976190
2,7,tanh,0.9,10.0,0.856614,1.620994e-02,0.833333
2,7,tanh,0.9,1000.0,0.169399,6.801433e-04,0.952381
2,7,tanh,1.0,10.0,0.717711,1.826927e-02,0.833333
2,7,tanh,1.0,1000.0,0.138747,8.037993e-04,0.976190
3,8,sigmoid,0.2,10.0,2.387786,1.245203e-03,0.267857
3,8,sigmoid,0.2,1000.0,1.013455,1.005397e-04,0.857143
3,8,sigmoid,0.4,10.0,2.301303,2.495158e-03,0.339286
3,8,sigmoid,0.4,1000.0,0.829651,1.384268e-04,0.875000
3,8,sigmoid,0.6,10.0,2.260043,2.762411e-03,0.339286
3,8,sigmoid,0.6,1000.0,0.775440,1.295161e-04,0.875000
3,8,sigmoid,0.8,10.0,2.278932,2.486687e-03,0.357143
3,8,sigmoid,0.8,1000.0,0.802321,1.244282e-04,0.910714
3,8,sigmoid,0.9,10.0,2.281238,2.343095e-03,0.321429
3,8,sigmoid,0.9,1000.0,0.797196,1.230510e-04,0.892857
3,8,sigmoid,1.0,10.0,2.245385,2.383038e-03,0.339286
3,8,sigmoid,1.0,1000.0,0.783955,1.324883e-04,0.910714
3,8,tanh,0.2,10.0,1.869084,3.888529e-03,0.500000
3,8,tanh,0.2,1000.0,0.691121,1.591654e-04,0.946429
3,8,tanh,0.4,10.0,1.594751,5.428690e-03,0.589286
3,8,tanh,0.4,1000.0,0.574231,2.211128e-04,0.946429
3,8,tanh,0.6,10.0,1.470442,6.925749e-03,0.517857
3,8,tanh,0.6,1000.0,0.420625,3.066322e-04,0.964286
3,8,tanh,0.8,10.0,1.139843,8.299163e-03,0.642857
3,8,tanh,0.8,1000.0,0.266448,4.235996e-04,0.946429
3,8,tanh,0.9,10.0,1.233841,8.917279e-03,0.642857
3,8,tanh,0.9,1000.0,0.263864,4.144727e-04,0.982143
3,8,tanh,1.0,10.0,1.252054,1.042505e-02,0.625000
3,8,tanh,1.0,1000.0,0.262182,4.412866e-04,0.982143
4,9,sigmoid,0.2,10.0,2.498269,1.590923e-03,0.291667
4,9,sigmoid,0.2,1000.0,0.887227,1.135123e-04,0.805556
4,9,sigmoid,0.4,10.0,2.405428,2.788010e-03,0.333333
4,9,sigmoid,0.4,1000.0,0.689842,1.519044e-04,0.819444
4,9,sigmoid,0.6,10.0,2.362628,2.950207e-03,0.375000
4,9,sigmoid,0.6,1000.0,0.664170,1.602614e-04,0.805556
4,9,sigmoid,0.8,10.0,2.404746,2.827428e-03,0.347222
4,9,sigmoid,0.8,1000.0,0.687910,1.548183e-04,0.861111
4,9,sigmoid,0.9,10.0,2.406102,2.707844e-03,0.333333
4,9,sigmoid,0.9,1000.0,0.700507,1.558167e-04,0.833333
4,9,sigmoid,1.0,10.0,2.327065,2.773265e-03,0.333333
4,9,sigmoid,1.0,1000.0,0.689073,1.600731e-04,0.861111
4,9,tanh,0.2,10.0,1.810223,4.644188e-03,0.513889
4,9,tanh,0.2,1000.0,0.485074,2.391957e-04,0.902778
4,9,tanh,0.4,10.0,1.547842,6.976119e-03,0.597222
4,9,tanh,0.4,1000.0,0.357384,3.046219e-04,0.916667
4,9,tanh,0.6,10.0,1.239305,8.183365e-03,0.680556
4,9,tanh,0.6,1000.0,0.275308,3.789198e-04,0.916667
4,9,tanh,0.8,10.0,0.866996,1.481478e-02,0.736111
4,9,tanh,0.8,1000.0,0.182433,5.990821e-04,0.930556
4,9,tanh,0.9,10.0,0.690786,1.649387e-02,0.777778
4,9,tanh,0.9,1000.0,0.154247,7.218435e-04,0.958333
4,9,tanh,1.0,10.0,1.258897,1.362554e-01,0.666667
4,9,tanh,1.0,1000.0,0.129837,8.408927e-04,0.930556
5,10,sigmoid,0.2,10.0,2.323689,1.351104e-03,0.344444
5,10,sigmoid,0.2,1000.0,0.976012,6.336188e-05,0.855556
5,10,sigmoid,0.4,10.0,2.148988,2.313251e-03,0.400000
5,10,sigmoid,0.4,1000.0,0.839904,9.730308e-05,0.888889
5,10,sigmoid,0.6,10.0,2.091741,2.475162e-03,0.444444
5,10,sigmoid,0.6,1000.0,0.781658,1.003317e-04,0.877778
5,10,sigmoid,0.8,10.0,2.124046,2.260861e-03,0.422222
5,10,sigmoid,0.8,1000.0,0.841173,9.912723e-05,0.888889
5,10,sigmoid,0.9,10.0,2.119377,2.200873e-03,0.400000
5,10,sigmoid,0.9,1000.0,0.849357,8.880846e-05,0.888889
5,10,sigmoid,1.0,10.0,2.072591,2.217216e-03,0.422222
5,10,sigmoid,1.0,1000.0,0.838864,8.893522e-05,0.888889
5,10,tanh,0.2,10.0,1.660922,2.503396e-03,0.633333
5,10,tanh,0.2,1000.0,0.721485,1.067934e-04,0.911111
5,10,tanh,0.4,10.0,1.409272,3.119947e-03,0.722222
5,10,tanh,0.4,1000.0,0.450918,1.704575e-04,0.944444
5,10,tanh,0.6,10.0,1.313625,6.371664e-03,0.666667
5,10,tanh,0.6,1000.0,0.309660,2.835804e-04,0.922222
5,10,tanh,0.8,10.0,1.014824,6.820646e-03,0.755556
5,10,tanh,0.8,1000.0,0.261622,3.508955e-04,0.966667
5,10,tanh,0.9,10.0,0.955316,8.750526e-03,0.777778
5,10,tanh,0.9,1000.0,0.217601,4.411573e-04,0.955556
5,10,tanh,1.0,10.0,0.896340,7.564041e-03,0.811111
5,10,tanh,1.0,1000.0,0.216838,4.016747e-04,0.955556
6,11,sigmoid,0.2,10.0,2.377574,1.633623e-03,0.309091
6,11,sigmoid,0.2,1000.0,0.891964,7.209613e-05,0.890909
6,11,sigmoid,0.4,10.0,2.147169,2.317847e-03,0.436364
6,11,sigmoid,0.4,1000.0,0.687797,7.852847e-05,0.918182
6,11,sigmoid,0.6,10.0,2.123974,2.472750e-03,0.409091
6,11,sigmoid,0.6,1000.0,0.686432,8.544035e-05,0.954545
6,11,sigmoid,0.8,10.0,2.168555,2.325366e-03,0.390909
6,11,sigmoid,0.8,1000.0,0.698048,8.156740e-05,0.945455
6,11,sigmoid,0.9,10.0,2.177308,2.263307e-03,0.372727
6,11,sigmoid,0.9,1000.0,0.661827,7.821804e-05,0.945455
6,11,sigmoid,1.0,10.0,2.182832,2.451270e-03,0.381818
6,11,sigmoid,1.0,1000.0,0.658227,8.624658e-05,0.945455
6,11,tanh,0.2,10.0,1.649911,3.192608e-03,0.618182
6,11,tanh,0.2,1000.0,0.662547,9.175680e-05,0.954545
6,11,tanh,0.4,10.0,1.348073,4.137888e-03,0.627273
6,11,tanh,0.4,1000.0,0.382563,1.478574e-04,0.972727
6,11,tanh,0.6,10.0,1.161085,6.668599e-03,0.645455
6,11,tanh,0.6,1000.0,0.250664,3.348716e-04,0.963636
6,11,tanh,0.8,10.0,0.844465,9.572021e-03,0.845455
6,11,tanh,0.8,1000.0,0.188270,4.204352e-04,0.990909
6,11,tanh,0.9,10.0,0.754820,9.654162e-03,0.836364
6,11,tanh,0.9,1000.0,0.172108,4.788798e-04,0.981818
6,11,tanh,1.0,10.0,0.689600,1.262586e-02,0.881818
6,11,tanh,1.0,1000.0,0.135974,6.311909e-04,0.990909
7,12,sigmoid,0.2,10.0,2.330690,1.725824e-03,0.295455
7,12,sigmoid,0.2,1000.0,0.812368,7.245230e-05,0.901515
7,12,sigmoid,0.4,10.0,2.094327,2.273881e-03,0.401515
7,12,sigmoid,0.4,1000.0,0.636392,8.214746e-05,0.924242
7,12,sigmoid,0.6,10.0,2.024789,2.530558e-03,0.393939
7,12,sigmoid,0.6,1000.0,0.633926,8.847644e-05,0.931818
7,12,sigmoid,0.8,10.0,2.011811,2.283937e-03,0.424242
7,12,sigmoid,0.8,1000.0,0.640361,8.996481e-05,0.924242
7,12,sigmoid,0.9,10.0,2.059611,2.319709e-03,0.416667
7,12,sigmoid,0.9,1000.0,0.674216,1.063580e-04,0.916667
7,12,sigmoid,1.0,10.0,2.033625,2.455026e-03,0.401515
7,12,sigmoid,1.0,1000.0,0.637734,1.133745e-04,0.924242
7,12,tanh,0.2,10.0,1.550954,3.237335e-03,0.583333
7,12,tanh,0.2,1000.0,0.641300,1.213374e-04,0.946970
7,12,tanh,0.4,10.0,1.264315,4.624121e-03,0.681818
7,12,tanh,0.4,1000.0,0.441189,1.345831e-04,0.939394
7,12,tanh,0.6,10.0,1.143680,5.970810e-03,0.704545
7,12,tanh,0.6,1000.0,0.315943,2.767045e-04,0.924242
7,12,tanh,0.8,10.0,1.013154,9.291928e-03,0.719697
7,12,tanh,0.8,1000.0,0.206842,3.261174e-04,0.962121
7,12,tanh,0.9,10.0,0.968859,1.322096e-02,0.727273
7,12,tanh,0.9,1000.0,0.178670,4.209183e-04,0.977273
7,12,tanh,1.0,10.0,0.796039,1.063552e-02,0.848485
7,12,tanh,1.0,1000.0,0.153191,4.544906e-04,0.969697
8,13,sigmoid,0.2,10.0,2.254715,1.303010e-03,0.365385
8,13,sigmoid,0.2,1000.0,0.934420,5.539166e-05,0.858974
8,13,sigmoid,0.4,10.0,2.087230,2.075480e-03,0.416667
8,13,sigmoid,0.4,1000.0,0.741063,6.671356e-05,0.916667
8,13,sigmoid,0.6,10.0,2.010366,2.167909e-03,0.423077
8,13,sigmoid,0.6,1000.0,0.747668,8.113316e-05,0.903846
8,13,sigmoid,0.8,10.0,2.045540,2.072503e-03,0.410256
8,13,sigmoid,0.8,1000.0,0.718216,8.164775e-05,0.903846
8,13,sigmoid,0.9,10.0,2.056901,1.998745e-03,0.448718
8,13,sigmoid,0.9,1000.0,0.724013,8.269460e-05,0.891026
8,13,sigmoid,1.0,10.0,2.016366,1.998715e-03,0.461538
8,13,sigmoid,1.0,1000.0,0.654424,7.543672e-05,0.903846
8,13,tanh,0.2,10.0,1.534281,2.093071e-03,0.666667
8,13,tanh,0.2,1000.0,0.718346,6.385518e-05,0.923077
8,13,tanh,0.4,10.0,1.271378,2.777075e-03,0.737179
8,13,tanh,0.4,1000.0,0.501182,1.357215e-04,0.948718
8,13,tanh,0.6,10.0,1.082814,5.165605e-03,0.750000
8,13,tanh,0.6,1000.0,0.315781,1.988439e-04,0.948718
8,13,tanh,0.8,10.0,0.732584,1.087340e-02,0.839744
8,13,tanh,0.8,1000.0,0.166791,4.096543e-04,0.961538
8,13,tanh,0.9,10.0,0.561782,1.735651e-02,0.846154
8,13,tanh,0.9,1000.0,0.105966,6.206930e-04,0.980769
8,13,tanh,1.0,10.0,0.422357,2.795141e-02,0.852564
8,13,tanh,1.0,1000.0,0.091478,9.362773e-04,0.980769
9,14,sigmoid,0.2,10.0,2.207059,1.342658e-03,0.362637
9,14,sigmoid,0.2,1000.0,0.913007,4.667603e-05,0.895604
9,14,sigmoid,0.4,10.0,1.956450,1.814889e-03,0.494505
9,14,sigmoid,0.4,1000.0,0.731140,5.132093e-05,0.928571
9,14,sigmoid,0.6,10.0,1.887773,1.854665e-03,0.521978
9,14,sigmoid,0.6,1000.0,0.710430,5.850065e-05,0.928571
9,14,sigmoid,0.8,10.0,1.906288,1.708970e-03,0.505495
9,14,sigmoid,0.8,1000.0,0.723945,5.807433e-05,0.917582
9,14,sigmoid,0.9,10.0,1.963331,1.754575e-03,0.478022
9,14,sigmoid,0.9,1000.0,0.719583,5.663901e-05,0.923077
9,14,sigmoid,1.0,10.0,1.934223,1.783742e-03,0.483516
9,14,sigmoid,1.0,1000.0,0.680508,4.956275e-05,0.934066
9,14,tanh,0.2,10.0,1.438951,1.241083e-03,0.714286
9,14,tanh,0.2,1000.0,0.640166,8.245954e-05,0.972527
9,14,tanh,0.4,10.0,1.257268,2.870849e-03,0.758242
9,14,tanh,0.4,1000.0,0.491760,1.071385e-04,0.961538
9,14,tanh,0.6,10.0,1.085803,4.546117e-03,0.774725
9,14,tanh,0.6,1000.0,0.311374,2.092841e-04,0.967033
9,14,tanh,0.8,10.0,0.734622,1.363418e-02,0.862637
9,14,tanh,0.8,1000.0,0.146722,4.526799e-04,0.983516
9,14,tanh,0.9,10.0,0.505788,4.411824e-02,0.934066
9,14,tanh,0.9,1000.0,0.083051,7.722432e-04,0.989011
9,14,tanh,1.0,10.0,0.606712,8.703852e-02,0.840659
9,14,tanh,1.0,1000.0,0.493953,8.911797e-02,0.868132
10,15,sigmoid,0.2,10.0,2.220628,1.429025e-03,0.323810
10,15,sigmoid,0.2,1000.0,0.775480,4.307464e-05,0.895238
10,15,sigmoid,0.4,10.0,1.918182,1.887576e-03,0.438095
10,15,sigmoid,0.4,1000.0,0.654805,4.706000e-05,0.928571
10,15,sigmoid,0.6,10.0,1.859395,2.046797e-03,0.466667
10,15,sigmoid,0.6,1000.0,0.624155,4.322585e-05,0.923810
10,15,sigmoid,0.8,10.0,1.919581,1.954408e-03,0.466667
10,15,sigmoid,0.8,1000.0,0.659491,5.450590e-05,0.919048
10,15,sigmoid,0.9,10.0,1.950692,2.002562e-03,0.414286
10,15,sigmoid,0.9,1000.0,0.633348,4.878521e-05,0.933333
10,15,sigmoid,1.0,10.0,1.966464,2.168200e-03,0.419048
10,15,sigmoid,1.0,1000.0,0.641311,6.050736e-05,0.919048
10,15,tanh,0.2,10.0,1.451654,2.141914e-03,0.680952
10,15,tanh,0.2,1000.0,0.683811,8.552392e-05,0.928571
10,15,tanh,0.4,10.0,1.169867,2.848567e-03,0.738095
10,15,tanh,0.4,1000.0,0.448842,5.317659e-05,0.957143
10,15,tanh,0.6,10.0,0.929992,4.944657e-03,0.800000
10,15,tanh,0.6,1000.0,0.240844,2.068304e-04,0.976190
10,15,tanh,0.8,10.0,0.631280,1.209191e-02,0.857143
10,15,tanh,0.8,1000.0,0.122919,4.928981e-04,0.985714
10,15,tanh,0.9,10.0,0.468680,1.642026e-02,0.866667
10,15,tanh,0.9,1000.0,0.095940,6.068013e-04,1.000000
10,15,tanh,1.0,10.0,0.517747,7.070875e-02,0.847619
10,15,tanh,1.0,1000.0,0.065475,8.145642e-04,0.990476
11,16,sigmoid,0.2,10.0,2.237937,1.276142e-03,0.362500
11,16,sigmoid,0.2,1000.0,0.816465,5.167146e-05,0.908333
11,16,sigmoid,0.4,10.0,1.955525,1.674580e-03,0.466667
11,16,sigmoid,0.4,1000.0,0.677776,6.796552e-05,0.912500
11,16,sigmoid,0.6,10.0,1.892625,1.641428e-03,0.491667
11,16,sigmoid,0.6,1000.0,0.657108,7.168662e-05,0.895833
11,16,sigmoid,0.8,10.0,1.975488,1.693836e-03,0.445833
11,16,sigmoid,0.8,1000.0,0.685380,8.158285e-05,0.912500
11,16,sigmoid,0.9,10.0,1.967507,1.611027e-03,0.458333
11,16,sigmoid,0.9,1000.0,0.657507,7.336369e-05,0.900000
11,16,sigmoid,1.0,10.0,1.984975,1.807367e-03,0.433333
11,16,sigmoid,1.0,1000.0,0.625416,7.333784e-05,0.904167
11,16,tanh,0.2,10.0,1.583185,1.691823e-03,0.629167
11,16,tanh,0.2,1000.0,0.714926,6.612596e-04,0.916667
11,16,tanh,0.4,10.0,1.289040,2.556882e-03,0.729167
11,16,tanh,0.4,1000.0,0.418573,7.939868e-05,0.954167
11,16,tanh,0.6,10.0,0.981052,4.836953e-03,0.783333
11,16,tanh,0.6,1000.0,0.243400,2.559933e-04,0.970833
11,16,tanh,0.8,10.0,0.757475,1.201091e-02,0.791667
11,16,tanh,0.8,1000.0,0.143565,4.203686e-04,0.979167
11,16,tanh,0.9,10.0,0.896912,5.721263e-02,0.683333
11,16,tanh,0.9,1000.0,0.821102,4.819328e-02,0.762500
11,16,tanh,1.0,10.0,1.046288,1.407482e-01,0.641667
11,16,tanh,1.0,1000.0,1.035046,1.577153e-01,0.629167
12,17,sigmoid,0.2,10.0,2.189825,1.248315e-03,0.378676
12,17,sigmoid,0.2,1000.0,0.837649,3.081360e-05,0.897059
12,17,sigmoid,0.4,10.0,1.902076,1.641493e-03,0.488971
12,17,sigmoid,0.4,1000.0,0.724662,3.911152e-05,0.908088
12,17,sigmoid,0.6,10.0,1.842776,1.638070e-03,0.503676
12,17,sigmoid,0.6,1000.0,0.697202,3.579962e-05,0.933824
12,17,sigmoid,0.8,10.0,1.894968,1.710276e-03,0.452206
12,17,sigmoid,0.8,1000.0,0.694628,4.242248e-05,0.922794
12,17,sigmoid,0.9,10.0,1.925446,1.663547e-03,0.426471
12,17,sigmoid,0.9,1000.0,0.693831,4.215533e-05,0.915441
12,17,sigmoid,1.0,10.0,1.895901,1.790699e-03,0.455882
12,17,sigmoid,1.0,1000.0,0.683251,4.788959e-05,0.915441
12,17,tanh,0.2,10.0,1.503815,1.471741e-03,0.661765
12,17,tanh,0.2,1000.0,0.864253,1.589976e-04,0.904412
12,17,tanh,0.4,10.0,1.210460,2.529763e-03,0.720588
12,17,tanh,0.4,1000.0,0.500782,6.645076e-05,0.955882
12,17,tanh,0.6,10.0,0.881375,5.046970e-03,0.775735
12,17,tanh,0.6,1000.0,0.215088,2.117483e-04,0.977941
12,17,tanh,0.8,10.0,0.477159,1.499660e-02,0.911765
12,17,tanh,0.8,1000.0,0.094912,5.331667e-04,0.992647
12,17,tanh,0.9,10.0,0.632854,1.081437e-01,0.823529
12,17,tanh,0.9,1000.0,0.159431,1.706439e-02,0.955882
12,17,tanh,1.0,10.0,0.734775,2.127165e-01,0.738971
12,17,tanh,1.0,1000.0,0.700672,2.234704e-01,0.783088
13,18,sigmoid,0.2,10.0,2.148456,1.398824e-03,0.382353
13,18,sigmoid,0.2,1000.0,0.737094,4.609514e-05,0.898693
13,18,sigmoid,0.4,10.0,1.866530,1.769041e-03,0.467320
13,18,sigmoid,0.4,1000.0,0.621042,6.004638e-05,0.915033
13,18,sigmoid,0.6,10.0,1.783946,1.729223e-03,0.519608
13,18,sigmoid,0.6,1000.0,0.598460,6.353077e-05,0.931373
13,18,sigmoid,0.8,10.0,1.866242,1.919115e-03,0.467320
13,18,sigmoid,0.8,1000.0,0.595022,6.316200e-05,0.937908
13,18,sigmoid,0.9,10.0,1.887405,1.847595e-03,0.470588
13,18,sigmoid,0.9,1000.0,0.603722,7.351958e-05,0.924837
13,18,sigmoid,1.0,10.0,1.852523,2.033995e-03,0.447712
13,18,sigmoid,1.0,1000.0,0.582508,7.996430e-05,0.918301
13,18,tanh,0.2,10.0,1.458589,2.463022e-03,0.620915
13,18,tanh,0.2,1000.0,0.599582,1.194780e-04,0.944444
13,18,tanh,0.4,10.0,1.141231,3.141002e-03,0.735294
13,18,tanh,0.4,1000.0,0.397915,9.364574e-05,0.973856
13,18,tanh,0.6,10.0,0.782926,6.667688e-03,0.866013
13,18,tanh,0.6,1000.0,0.178716,2.596263e-04,0.970588
13,18,tanh,0.8,10.0,0.459159,9.906090e-03,0.888889
13,18,tanh,0.8,1000.0,0.099072,4.909207e-04,0.977124
13,18,tanh,0.9,10.0,0.352713,2.324281e-02,0.931373
13,18,tanh,0.9,1000.0,0.325569,3.315766e-02,0.905229
13,18,tanh,1.0,10.0,0.698768,1.246491e-01,0.794118
13,18,tanh,1.0,1000.0,0.402953,5.447596e-02,0.918301
14,19,sigmoid,0.2,10.0,2.209912,1.132232e-03,0.388889
14,19,sigmoid,0.2,1000.0,0.883108,3.388841e-05,0.871345
14,19,sigmoid,0.4,10.0,1.916855,1.374433e-03,0.491228
14,19,sigmoid,0.4,1000.0,0.702522,3.593901e-05,0.923977
14,19,sigmoid,0.6,10.0,1.859371,1.471102e-03,0.497076
14,19,sigmoid,0.6,1000.0,0.685548,4.040617e-05,0.929825
14,19,sigmoid,0.8,10.0,1.913929,1.505914e-03,0.470760
14,19,sigmoid,0.8,1000.0,0.719291,4.183941e-05,0.935673
14,19,sigmoid,0.9,10.0,1.929957,1.419741e-03,0.479532
14,19,sigmoid,0.9,1000.0,0.695084,3.846976e-05,0.938596
14,19,sigmoid,1.0,10.0,1.898254,1.474865e-03,0.491228
14,19,sigmoid,1.0,1000.0,0.675714,3.657960e-05,0.929825
14,19,tanh,0.2,10.0,1.572698,1.707053e-03,0.663743
14,19,tanh,0.2,1000.0,0.758993,9.758044e-05,0.935673
14,19,tanh,0.4,10.0,1.162079,3.113792e-03,0.742690
14,19,tanh,0.4,1000.0,0.356266,1.285349e-04,0.964912
14,19,tanh,0.6,10.0,0.742434,8.123621e-03,0.801170
14,19,tanh,0.6,1000.0,0.158151,3.225798e-04,0.973684
14,19,tanh,0.8,10.0,0.967073,4.234998e-02,0.698830
14,19,tanh,0.8,1000.0,0.727834,3.479241e-02,0.777778
14,19,tanh,0.9,10.0,1.053896,1.125303e-01,0.614035
14,19,tanh,0.9,1000.0,1.015633,9.632143e-02,0.646199
14,19,tanh,1.0,10.0,1.195113,2.122403e-01,0.573099
14,19,tanh,1.0,1000.0,1.039546,1.424557e-01,0.611111
15,20,sigmoid,0.2,10.0,2.091630,1.357657e-03,0.402632
15,20,sigmoid,0.2,1000.0,0.651317,4.061822e-05,0.894737
15,20,sigmoid,0.4,10.0,1.759713,1.638715e-03,0.521053
15,20,sigmoid,0.4,1000.0,0.518922,4.173697e-05,0.942105
15,20,sigmoid,0.6,10.0,1.701341,1.798344e-03,0.536842
15,20,sigmoid,0.6,1000.0,0.504274,4.023707e-05,0.952632
15,20,sigmoid,0.8,10.0,1.747492,1.860355e-03,0.518421
15,20,sigmoid,0.8,1000.0,0.504231,4.425718e-05,0.960526
15,20,sigmoid,0.9,10.0,1.787058,1.922512e-03,0.500000
15,20,sigmoid,0.9,1000.0,0.503895,4.289760e-05,0.957895
15,20,sigmoid,1.0,10.0,1.737963,2.027346e-03,0.523684
15,20,sigmoid,1.0,1000.0,0.487242,3.947208e-05,0.957895
15,20,tanh,0.2,10.0,1.377762,3.173616e-03,0.684211
15,20,tanh,0.2,1000.0,0.467160,2.316461e-05,0.965789
15,20,tanh,0.4,10.0,1.053486,3.772512e-03,0.744737
15,20,tanh,0.4,1000.0,0.292260,1.558808e-04,0.971053
15,20,tanh,0.6,10.0,0.650893,7.724069e-03,0.839474
15,20,tanh,0.6,1000.0,0.129264,3.309042e-04,0.978947
15,20,tanh,0.8,10.0,0.821843,7.853967e-02,0.744737
15,20,tanh,0.8,1000.0,0.316672,2.232746e-02,0.931579
15,20,tanh,0.9,10.0,0.902826,1.435049e-01,0.707895
15,20,tanh,0.9,1000.0,0.903686,1.544753e-01,0.692105
15,20,tanh,1.0,10.0,0.956104,2.958099e-01,0.636842
15,20,tanh,1.0,1000.0,1.327023,1.017467e+00,0.492105
16,5,sigmoid,0.2,10.0,2.548635,1.563216e-03,0.050000
16,5,sigmoid,0.2,1000.0,1.081089,1.504772e-04,0.600000
16,5,sigmoid,0.4,10.0,2.408475,2.497030e-03,0.150000
16,5,sigmoid,0.4,1000.0,0.840768,1.931957e-04,0.800000
16,5,sigmoid,0.6,10.0,2.350530,2.697443e-03,0.150000
16,5,sigmoid,0.6,1000.0,0.814318,2.071290e-04,0.800000
16,5,sigmoid,0.8,10.0,2.327677,2.062006e-03,0.150000
16,5,sigmoid,0.8,1000.0,0.849576,1.938185e-04,0.800000
16,5,sigmoid,0.9,10.0,2.317645,1.806744e-03,0.150000
16,5,sigmoid,0.9,1000.0,0.852680,1.794393e-04,0.850000
16,5,sigmoid,1.0,10.0,2.293087,1.865502e-03,0.150000
16,5,sigmoid,1.0,1000.0,0.820737,1.785658e-04,0.850000
16,5,tanh,0.2,10.0,2.004243,5.966315e-03,0.400000
16,5,tanh,0.2,1000.0,0.552380,3.432434e-04,0.850000
16,5,tanh,0.4,10.0,1.738674,8.281281e-03,0.450000
16,5,tanh,0.4,1000.0,0.409473,3.845637e-04,1.000000
16,5,tanh,0.6,10.0,1.703928,1.014311e-02,0.500000
16,5,tanh,0.6,1000.0,0.364828,4.980323e-04,1.000000
16,5,tanh,0.8,10.0,1.391154,1.762204e-02,0.500000
16,5,tanh,0.8,1000.0,0.308064,6.645230e-04,1.000000
16,5,tanh,0.9,10.0,1.342528,2.016933e-02,0.650000
16,5,tanh,0.9,1000.0,0.241995,7.038494e-04,0.950000
16,5,tanh,1.0,10.0,1.151520,1.697270e-02,0.650000
16,5,tanh,1.0,1000.0,0.235381,7.066835e-04,0.900000
17,6,sigmoid,0.2,10.0,2.162701,1.348956e-03,0.233333
17,6,sigmoid,0.2,1000.0,0.846517,1.445664e-04,0.833333
17,6,sigmoid,0.4,10.0,2.133336,3.024391e-03,0.233333
17,6,sigmoid,0.4,1000.0,0.648462,1.726656e-04,0.900000
17,6,sigmoid,0.6,10.0,2.070863,3.340885e-03,0.233333
17,6,sigmoid,0.6,1000.0,0.633377,1.816557e-04,0.866667
17,6,sigmoid,0.8,10.0,2.057652,2.949768e-03,0.233333
17,6,sigmoid,0.8,1000.0,0.655962,1.793407e-04,0.866667
17,6,sigmoid,0.9,10.0,2.041649,2.908344e-03,0.233333
17,6,sigmoid,0.9,1000.0,0.671473,1.770125e-04,0.866667
17,6,sigmoid,1.0,10.0,1.983852,2.999231e-03,0.300000
17,6,sigmoid,1.0,1000.0,0.656241,1.854865e-04,0.933333
17,6,tanh,0.2,10.0,1.698999,6.490418e-03,0.400000
17,6,tanh,0.2,1000.0,0.458541,1.244772e-04,0.966667
17,6,tanh,0.4,10.0,1.396901,8.978420e-03,0.500000
17,6,tanh,0.4,1000.0,0.433820,2.131716e-04,0.966667
17,6,tanh,0.6,10.0,1.339684,8.248504e-03,0.600000
17,6,tanh,0.6,1000.0,0.383162,3.161982e-04,0.966667
17,6,tanh,0.8,10.0,1.265248,1.285980e-02,0.533333
17,6,tanh,0.8,1000.0,0.289507,3.312062e-04,0.966667
17,6,tanh,0.9,10.0,1.121898,1.258334e-02,0.800000
17,6,tanh,0.9,1000.0,0.249160,4.017942e-04,0.966667
17,6,tanh,1.0,10.0,1.054569,1.752803e-02,0.733333
17,6,tanh,1.0,1000.0,0.217610,5.088996e-04,1.000000
