model_id,n_concepts,activation,t_alpha,rho,divergence,error,sign_agreement
0,5,sigmoid,1,10.0,2.234607,1.866349e-03,0.250000
0,5,sigmoid,1,1000.0,0.850029,2.199846e-04,0.600000
0,5,sigmoid,3,10.0,2.238328,7.595729e-04,0.250000
0,5,sigmoid,3,1000.0,1.284930,1.427505e-04,0.450000
0,5,sigmoid,5,10.0,2.191566,6.982907e-04,0.250000
0,5,sigmoid,5,1000.0,1.284796,1.416659e-04,0.450000
0,5,sigmoid,10,10.0,2.237918,7.724964e-04,0.250000
0,5,sigmoid,10,1000.0,1.283426,1.416711e-04,0.450000
0,5,sigmoid,15,10.0,2.237921,7.724394e-04,0.250000
0,5,sigmoid,15,1000.0,1.283426,1.416705e-04,0.450000
0,5,sigmoid,20,10.0,2.237921,7.724387e-04,0.250000
0,5,sigmoid,20,1000.0,1.283428,1.416710e-04,0.450000
0,5,tanh,1,10.0,0.916852,2.291935e-02,0.800000
0,5,tanh,1,1000.0,0.242247,6.672024e-04,0.950000
0,5,tanh,3,10.0,1.724473,9.144644e-02,0.450000
0,5,tanh,3,1000.0,0.282585,6.330609e-04,0.950000
0,5,tanh,5,10.0,1.591696,8.154074e-02,0.550000
0,5,tanh,5,1000.0,1.394400,7.474142e-02,0.750000
0,5,tanh,10,10.0,0.999610,1.057636e-02,0.800000
0,5,tanh,10,1000.0,0.286210,6.210548e-04,0.950000
0,5,tanh,15,10.0,1.716619,7.153864e-02,0.450000
0,5,tanh,15,1000.0,0.287202,6.179753e-04,0.950000
0,5,tanh,20,10.0,1.819765,6.463131e-03,0.300000
0,5,tanh,20,1000.0,1.717738,3.177873e-02,0.500000
1,6,sigmoid,1,10.0,2.072538,2.372972e-03,0.300000
1,6,sigmoid,1,1000.0,0.810551,1.453111e-04,0.866667
1,6,sigmoid,3,10.0,2.039442,1.086283e-03,0.333333
1,6,sigmoid,3,1000.0,1.101399,1.116749e-04,0.800000
1,6,sigmoid,5,10.0,2.039957,1.064974e-03,0.333333
1,6,sigmoid,5,1000.0,1.113423,1.137185e-04,0.766667
1,6,sigmoid,10,10.0,2.039879,1.061439e-03,0.333333
1,6,sigmoid,10,1000.0,1.112145,1.136302e-04,0.766667
1,6,sigmoid,15,10.0,2.039877,1.061382e-03,0.333333
1,6,sigmoid,15,1000.0,1.112169,1.136337e-04,0.766667
1,6,sigmoid,20,10.0,2.039877,1.061381e-03,0.333333
1,6,sigmoid,20,1000.0,1.112170,1.136341e-04,0.766667
1,6,tanh,1,10.0,1.135199,9.874924e-03,0.700000
1,6,tanh,1,1000.0,0.260934,4.328147e-04,0.966667
1,6,tanh,3,10.0,1.211665,7.448603e-03,0.700000
1,6,tanh,3,1000.0,0.351910,3.568372e-04,0.933333
1,6,tanh,5,10.0,1.394554,3.133931e-02,0.633333
1,6,tanh,5,1000.0,0.351008,3.626390e-04,0.866667
1,6,tanh,10,10.0,1.293480,6.349760e-03,0.700000
1,6,tanh,10,1000.0,0.371238,3.443468e-04,0.900000
1,6,tanh,15,10.0,1.408914,1.930706e-02,0.600000
1,6,tanh,15,1000.0,0.893480,2.345117e-02,0.700000
1,6,tanh,20,10.0,1.712815,8.398923e-03,0.433333
1,6,tanh,20,1000.0,1.768426,7.327033e-03,0.466667
2,7,sigmoid,1,10.0,2.027449,2.006855e-03,0.380952
2,7,sigmoid,1,1000.0,0.799873,1.082875e-04,0.857143
2,7,sigmoid,3,10.0,2.024432,8.595425e-04,0.428571
2,7,sigmoid,3,1000.0,1.118805,8.585119e-05,0.690476
2,7,sigmoid,5,10.0,2.015627,7.654781e-04,0.404762
2,7,sigmoid,5,1000.0,1.101848,7.901509e-05,0.714286
2,7,sigmoid,10,10.0,2.024578,8.458868e-04,0.428571
2,7,sigmoid,10,1000.0,1.113575,8.070586e-05,0.714286
2,7,sigmoid,15,10.0,2.024578,8.458844e-04,0.428571
2,7,sigmoid,15,1000.0,1.112287,8.048989e-05,0.714286
2,7,sigmoid,20,10.0,2.024578,8.458844e-04,0.428571
2,7,sigmoid,20,1000.0,1.112406,8.051139e-05,0.714286
2,7,tanh,1,10.0,1.105901,1.363077e-02,0.785714
2,7,tanh,1,1000.0,0.210292,5.455059e-04,0.976190
2,7,tanh,3,10.0,1.183903,1.200776e-02,0.666667
2,7,tanh,3,1000.0,0.231695,5.267036e-04,1.000000
2,7,tanh,5,10.0,1.526947,3.812297e-02,0.547619
2,7,tanh,5,1000.0,0.244308,5.032063e-04,0.976190
2,7,tanh,10,10.0,1.547117,3.711208e-02,0.619048
2,7,tanh,10,1000.0,0.624601,2.869091e-02,0.928571
2,7,tanh,15,10.0,1.674720,2.137942e-02,0.500000
2,7,tanh,15,1000.0,0.503856,8.205229e-03,0.928571
2,7,tanh,20,10.0,1.740642,6.585576e-03,0.428571
2,7,tanh,20,1000.0,1.032852,3.892631e-03,0.714286
3,8,sigmoid,1,10.0,2.278932,2.486687e-03,0.357143
3,8,sigmoid,1,1000.0,0.802321,1.244282e-04,0.910714
3,8,sigmoid,3,10.0,2.295332,1.112677e-03,0.285714
3,8,sigmoid,3,1000.0,1.075576,7.365162e-05,0.803571
3,8,sigmoid,5,10.0,2.295415,1.095360e-03,0.285714
3,8,sigmoid,5,1000.0,1.112105,7.270149e-05,0.785714
3,8,sigmoid,10,10.0,2.295379,1.097078e-03,0.285714
3,8,sigmoid,10,1000.0,1.120384,7.410701e-05,0.767857
3,8,sigmoid,15,10.0,2.295377,1.097114e-03,0.285714
3,8,sigmoid,15,1000.0,1.120686,7.410169e-05,0.767857
3,8,sigmoid,20,10.0,2.295377,1.097115e-03,0.285714
3,8,sigmoid,20,1000.0,1.120667,7.409903e-05,0.767857
3,8,tanh,1,10.0,1.139843,8.299163e-03,0.642857
3,8,tanh,1,1000.0,0.266448,4.235996e-04,0.946429
3,8,tanh,3,10.0,1.281057,6.800813e-03,0.589286
3,8,tanh,3,1000.0,0.303032,3.363309e-04,0.892857
3,8,tanh,5,10.0,1.445234,7.645104e-03,0.625000
3,8,tanh,5,1000.0,0.342288,3.194342e-04,0.892857
3,8,tanh,10,10.0,1.496402,4.417561e-02,0.571429
3,8,tanh,10,1000.0,0.362752,3.067642e-04,0.857143
3,8,tanh,15,10.0,1.535539,7.594765e-02,0.553571
3,8,tanh,15,1000.0,1.631030,9.130255e-02,0.607143
3,8,tanh,20,10.0,1.839025,7.052076e-03,0.357143
3,8,tanh,20,1000.0,1.569792,6.279632e-03,0.500000
4,9,sigmoid,1,10.0,2.404746,2.827428e-03,0.347222
4,9,sigmoid,1,1000.0,0.687910,1.548183e-04,0.861111
4,9,sigmoid,3,10.0,2.469878,1.400171e-03,0.291667
4,9,sigmoid,3,1000.0,0.983980,1.032581e-04,0.763889
4,9,sigmoid,5,10.0,2.450084,1.227006e-03,0.319444
4,9,sigmoid,5,1000.0,1.022404,9.469909e-05,0.722222
4,9,sigmoid,10,10.0,2.444795,1.213443e-03,0.333333
4,9,sigmoid,10,1000.0,1.037994,9.576756e-05,0.708333
4,9,sigmoid,15,10.0,2.444920,1.226699e-03,0.333333
4,9,sigmoid,15,1000.0,1.028621,9.464495e-05,0.708333
4,9,sigmoid,20,10.0,2.460874,1.178674e-03,0.333333
4,9,sigmoid,20,1000.0,1.191901,8.672741e-05,0.652778
4,9,tanh,1,10.0,0.866996,1.481478e-02,0.736111
4,9,tanh,1,1000.0,0.182433,5.990821e-04,0.930556
4,9,tanh,3,10.0,1.025196,1.310113e-02,0.805556
4,9,tanh,3,1000.0,0.210488,5.194066e-04,0.944444
4,9,tanh,5,10.0,1.024897,1.258588e-02,0.791667
4,9,tanh,5,1000.0,0.211621,5.151602e-04,0.930556
4,9,tanh,10,10.0,0.984597,1.251689e-02,0.777778
4,9,tanh,10,1000.0,1.105444,7.723523e-02,0.708333
4,9,tanh,15,10.0,1.366146,5.956281e-02,0.597222
4,9,tanh,15,1000.0,0.712351,5.286375e-02,0.805556
4,9,tanh,20,10.0,1.845752,2.796789e-02,0.333333
4,9,tanh,20,1000.0,1.499999,4.976853e-02,0.472222
5,10,sigmoid,1,10.0,2.124046,2.260861e-03,0.422222
5,10,sigmoid,1,1000.0,0.841173,9.912723e-05,0.888889
5,10,sigmoid,3,10.0,2.205238,1.056644e-03,0.366667
5,10,sigmoid,3,1000.0,1.095106,7.185724e-05,0.766667
5,10,sigmoid,5,10.0,2.260129,1.171770e-03,0.311111
5,10,sigmoid,5,1000.0,1.128904,6.477266e-05,0.711111
5,10,sigmoid,10,10.0,2.190480,1.064849e-03,0.366667
5,10,sigmoid,10,1000.0,1.127322,6.490576e-05,0.711111
5,10,sigmoid,15,10.0,2.190481,1.064804e-03,0.366667
5,10,sigmoid,15,1000.0,1.127315,6.490700e-05,0.711111
5,10,sigmoid,20,10.0,2.190481,1.064801e-03,0.366667
5,10,sigmoid,20,1000.0,1.127361,6.491353e-05,0.711111
5,10,tanh,1,10.0,1.014824,6.820646e-03,0.755556
5,10,tanh,1,1000.0,0.261622,3.508955e-04,0.966667
5,10,tanh,3,10.0,1.257444,7.994808e-03,0.633333
5,10,tanh,3,1000.0,0.293367,2.852817e-04,0.911111
5,10,tanh,5,10.0,1.255649,6.108116e-03,0.666667
5,10,tanh,5,1000.0,0.332275,2.950486e-04,0.922222
5,10,tanh,10,10.0,1.392529,5.924258e-03,0.633333
5,10,tanh,10,1000.0,0.360817,2.168072e-04,0.933333
5,10,tanh,15,10.0,1.341743,3.981780e-03,0.611111
5,10,tanh,15,1000.0,0.388439,1.770107e-04,0.933333
5,10,tanh,20,10.0,1.634108,5.847212e-03,0.455556
5,10,tanh,20,1000.0,1.248889,3.129072e-03,0.666667
6,11,sigmoid,1,10.0,2.168555,2.325366e-03,0.390909
6,11,sigmoid,1,1000.0,0.698048,8.156740e-05,0.945455
6,11,sigmoid,3,10.0,2.419802,1.455541e-03,0.281818
6,11,sigmoid,3,1000.0,0.959057,6.511725e-05,0.790909
6,11,sigmoid,5,10.0,2.400544,1.381203e-03,0.290909
6,11,sigmoid,5,1000.0,1.044830,6.809870e-05,0.781818
6,11,sigmoid,10,10.0,2.415718,1.336265e-03,0.300000
6,11,sigmoid,10,1000.0,1.043440,6.730278e-05,0.745455
6,11,sigmoid,15,10.0,2.427614,1.365372e-03,0.281818
6,11,sigmoid,15,1000.0,1.039264,6.842188e-05,0.745455
6,11,sigmoid,20,10.0,2.415777,1.331125e-03,0.300000
6,11,sigmoid,20,1000.0,1.188513,7.570814e-05,0.672727
6,11,tanh,1,10.0,0.844465,9.572021e-03,0.845455
6,11,tanh,1,1000.0,0.188270,4.204352e-04,0.990909
6,11,tanh,3,10.0,1.014607,9.489274e-03,0.718182
6,11,tanh,3,1000.0,0.216095,4.241007e-04,0.972727
6,11,tanh,5,10.0,1.206093,9.671008e-03,0.636364
6,11,tanh,5,1000.0,0.235950,4.091869e-04,0.963636
6,11,tanh,10,10.0,1.333731,8.161144e-03,0.618182
6,11,tanh,10,1000.0,0.261698,3.201069e-04,0.954545
6,11,tanh,15,10.0,1.406582,8.367486e-03,0.609091
6,11,tanh,15,1000.0,1.220618,2.505486e-02,0.654545
6,11,tanh,20,10.0,1.571179,5.273428e-03,0.472727
6,11,tanh,20,1000.0,1.132224,3.562365e-03,0.700000
7,12,sigmoid,1,10.0,2.011811,2.283937e-03,0.424242
7,12,sigmoid,1,1000.0,0.640361,8.996481e-05,0.924242
7,12,sigmoid,3,10.0,2.247930,1.369511e-03,0.325758
7,12,sigmoid,3,1000.0,0.861512,5.602391e-05,0.840909
7,12,sigmoid,5,10.0,2.299544,1.464889e-03,0.287879
7,12,sigmoid,5,1000.0,0.902155,5.997141e-05,0.803030
7,12,sigmoid,10,10.0,2.305351,1.310256e-03,0.310606
7,12,sigmoid,10,1000.0,0.927018,6.265598e-05,0.780303
7,12,sigmoid,15,10.0,2.331721,1.282976e-03,0.310606
7,12,sigmoid,15,1000.0,0.921197,6.192069e-05,0.795455
7,12,sigmoid,20,10.0,2.309898,9.946571e-04,0.310606
7,12,sigmoid,20,1000.0,1.029000,5.896601e-05,0.757576
7,12,tanh,1,10.0,1.013154,9.291928e-03,0.719697
7,12,tanh,1,1000.0,0.206842,3.261174e-04,0.962121
7,12,tanh,3,10.0,1.364750,7.085760e-03,0.606061
7,12,tanh,3,1000.0,0.270826,2.934740e-04,0.969697
7,12,tanh,5,10.0,1.466786,5.409121e-03,0.530303
7,12,tanh,5,1000.0,0.303024,2.312047e-04,0.939394
7,12,tanh,10,10.0,1.419893,3.145250e-03,0.583333
7,12,tanh,10,1000.0,0.663002,3.420542e-04,0.818182
7,12,tanh,15,10.0,1.831245,1.523877e-03,0.477273
7,12,tanh,15,1000.0,0.803324,6.303585e-05,0.818182
7,12,tanh,20,10.0,1.356194,2.746074e-02,0.598485
7,12,tanh,20,1000.0,1.098409,9.773428e-04,0.621212
8,13,sigmoid,1,10.0,2.045540,2.072503e-03,0.410256
8,13,sigmoid,1,1000.0,0.718216,8.164775e-05,0.903846
8,13,sigmoid,3,10.0,2.224792,1.084127e-03,0.365385
8,13,sigmoid,3,1000.0,0.903969,4.308627e-05,0.769231
8,13,sigmoid,5,10.0,2.246877,1.131193e-03,0.358974
8,13,sigmoid,5,1000.0,1.002764,4.570964e-05,0.775641
8,13,sigmoid,10,10.0,2.223358,1.050634e-03,0.352564
8,13,sigmoid,10,1000.0,1.020939,4.569603e-05,0.762821
8,13,sigmoid,15,10.0,2.218870,1.189285e-03,0.365385
8,13,sigmoid,15,1000.0,1.019687,4.552646e-05,0.762821
8,13,sigmoid,20,10.0,2.228385,1.053653e-03,0.352564
8,13,sigmoid,20,1000.0,1.021529,4.572104e-05,0.762821
8,13,tanh,1,10.0,0.732584,1.087340e-02,0.839744
8,13,tanh,1,1000.0,0.166791,4.096543e-04,0.961538
8,13,tanh,3,10.0,0.913616,1.605787e-02,0.692308
8,13,tanh,3,1000.0,0.178069,3.922710e-04,0.955128
8,13,tanh,5,10.0,0.941387,1.195314e-02,0.724359
8,13,tanh,5,1000.0,0.183203,3.774698e-04,0.948718
8,13,tanh,10,10.0,1.231890,2.015193e-02,0.673077
8,13,tanh,10,1000.0,0.806254,1.622131e-02,0.788462
8,13,tanh,15,10.0,1.147332,1.311639e-02,0.717949
8,13,tanh,15,1000.0,0.865340,1.138129e-02,0.769231
8,13,tanh,20,10.0,1.431037,1.890340e-02,0.500000
8,13,tanh,20,1000.0,1.121209,1.110282e-02,0.666667
9,14,sigmoid,1,10.0,1.906288,1.708970e-03,0.505495
9,14,sigmoid,1,1000.0,0.723945,5.807433e-05,0.917582
9,14,sigmoid,3,10.0,2.189754,1.175322e-03,0.357143
9,14,sigmoid,3,1000.0,0.929120,4.835467e-05,0.835165
9,14,sigmoid,5,10.0,2.223185,1.308561e-03,0.368132
9,14,sigmoid,5,1000.0,0.976660,4.221979e-05,0.840659
9,14,sigmoid,10,10.0,2.194783,1.212628e-03,0.368132
9,14,sigmoid,10,1000.0,0.982927,4.378186e-05,0.835165
9,14,sigmoid,15,10.0,2.216915,1.219843e-03,0.357143
9,14,sigmoid,15,1000.0,0.981193,4.358780e-05,0.835165
9,14,sigmoid,20,10.0,2.219202,1.239171e-03,0.357143
9,14,sigmoid,20,1000.0,0.982295,4.369928e-05,0.835165
9,14,tanh,1,10.0,0.734622,1.363418e-02,0.862637
9,14,tanh,1,1000.0,0.146722,4.526799e-04,0.983516
9,14,tanh,3,10.0,0.943165,2.234663e-02,0.747253
9,14,tanh,3,1000.0,0.141265,4.362883e-04,0.972527
9,14,tanh,5,10.0,1.208269,2.675788e-02,0.626374
9,14,tanh,5,1000.0,0.899629,2.173914e-02,0.752747
9,14,tanh,10,10.0,1.387753,2.711659e-02,0.571429
9,14,tanh,10,1000.0,0.960283,2.254070e-02,0.708791
9,14,tanh,15,10.0,1.293351,2.045515e-02,0.571429
9,14,tanh,15,1000.0,1.128423,2.155845e-02,0.642857
9,14,tanh,20,10.0,1.442836,1.433275e-02,0.543956
9,14,tanh,20,1000.0,1.329210,1.341475e-02,0.565934
10,15,sigmoid,1,10.0,1.919581,1.954408e-03,0.466667
10,15,sigmoid,1,1000.0,0.659491,5.450590e-05,0.919048
10,15,sigmoid,3,10.0,2.140081,1.265500e-03,0.361905
10,15,sigmoid,3,1000.0,0.844242,4.116577e-05,0.847619
10,15,sigmoid,5,10.0,2.121526,1.048105e-03,0.385714
10,15,sigmoid,5,1000.0,0.897084,4.072883e-05,0.809524
10,15,sigmoid,10,10.0,2.133417,1.228705e-03,0.361905
10,15,sigmoid,10,1000.0,0.895974,4.439083e-05,0.809524
10,15,sigmoid,15,10.0,2.150668,1.051597e-03,0.371429
10,15,sigmoid,15,1000.0,0.892579,4.343974e-05,0.795238
10,15,sigmoid,20,10.0,2.169338,7.275338e-04,0.333333
10,15,sigmoid,20,1000.0,0.929305,4.417006e-05,0.771429
10,15,tanh,1,10.0,0.631280,1.209191e-02,0.857143
10,15,tanh,1,1000.0,0.122919,4.928981e-04,0.985714
10,15,tanh,3,10.0,0.712904,1.422367e-02,0.828571
10,15,tanh,3,1000.0,0.127643,4.635233e-04,0.976190
10,15,tanh,5,10.0,0.949007,2.361610e-02,0.690476
10,15,tanh,5,1000.0,0.663551,2.234757e-02,0.828571
10,15,tanh,10,10.0,1.043800,2.446167e-02,0.623810
10,15,tanh,10,1000.0,0.880073,2.397115e-02,0.738095
10,15,tanh,15,10.0,1.259619,4.696755e-02,0.590476
10,15,tanh,15,1000.0,1.102905,4.059093e-02,0.628571
10,15,tanh,20,10.0,1.535448,3.423834e-02,0.447619
10,15,tanh,20,1000.0,1.491491,4.543770e-02,0.438095
11,16,sigmoid,1,10.0,1.975488,1.693836e-03,0.445833
11,16,sigmoid,1,1000.0,0.685380,8.158285e-05,0.912500
11,16,sigmoid,3,10.0,2.168969,1.104204e-03,0.354167
11,16,sigmoid,3,1000.0,0.928388,4.282680e-05,0.833333
11,16,sigmoid,5,10.0,2.220282,9.428474e-04,0.337500
11,16,sigmoid,5,1000.0,0.963848,4.070599e-05,0.795833
11,16,sigmoid,10,10.0,2.233544,9.381551e-04,0.341667
11,16,sigmoid,10,1000.0,0.984402,4.051598e-05,0.816667
11,16,sigmoid,15,10.0,2.228860,9.375585e-04,0.366667
11,16,sigmoid,15,1000.0,0.973086,3.983051e-05,0.820833
11,16,sigmoid,20,10.0,2.278066,6.501974e-04,0.337500
11,16,sigmoid,20,1000.0,0.979344,4.037945e-05,0.820833
11,16,tanh,1,10.0,0.757475,1.201091e-02,0.791667
11,16,tanh,1,1000.0,0.143565,4.203686e-04,0.979167
11,16,tanh,3,10.0,0.813848,1.725719e-02,0.729167
11,16,tanh,3,1000.0,0.120611,4.120597e-04,0.975000
11,16,tanh,5,10.0,0.815015,1.526564e-02,0.716667
11,16,tanh,5,1000.0,0.141130,4.142923e-04,0.979167
11,16,tanh,10,10.0,1.003522,1.877981e-02,0.666667
11,16,tanh,10,1000.0,0.911899,2.411982e-02,0.708333
11,16,tanh,15,10.0,1.191072,4.829496e-02,0.591667
11,16,tanh,15,1000.0,1.034432,3.047208e-02,0.691667
11,16,tanh,20,10.0,1.447941,3.320596e-02,0.500000
11,16,tanh,20,1000.0,1.392293,2.144857e-02,0.529167
12,17,sigmoid,1,10.0,1.894968,1.710276e-03,0.452206
12,17,sigmoid,1,1000.0,0.694628,4.242248e-05,0.922794
12,17,sigmoid,3,10.0,2.204247,1.074489e-03,0.316176
12,17,sigmoid,3,1000.0,0.905275,2.804076e-05,0.852941
12,17,sigmoid,5,10.0,2.182552,9.470956e-04,0.345588
12,17,sigmoid,5,1000.0,0.949725,2.953143e-05,0.838235
12,17,sigmoid,10,10.0,2.172198,9.390708e-04,0.349265
12,17,sigmoid,10,1000.0,0.973987,2.844798e-05,0.823529
12,17,sigmoid,15,10.0,2.173800,9.226502e-04,0.363971
12,17,sigmoid,15,1000.0,0.962015,2.854838e-05,0.827206
12,17,sigmoid,20,10.0,2.208142,7.349156e-04,0.341912
12,17,sigmoid,20,1000.0,0.967099,2.778034e-05,0.830882
12,17,tanh,1,10.0,0.477159,1.499660e-02,0.911765
12,17,tanh,1,1000.0,0.094912,5.331667e-04,0.992647
12,17,tanh,3,10.0,0.590069,2.826208e-02,0.875000
12,17,tanh,3,1000.0,0.093579,6.287213e-04,0.985294
12,17,tanh,5,10.0,1.047789,6.726309e-02,0.698529
12,17,tanh,5,1000.0,0.455014,2.216039e-02,0.911765
12,17,tanh,10,10.0,1.176614,6.938097e-02,0.639706
12,17,tanh,10,1000.0,1.094212,7.891079e-02,0.643382
12,17,tanh,15,10.0,1.193765,8.276716e-02,0.588235
12,17,tanh,15,1000.0,1.055130,6.995643e-02,0.658088
12,17,tanh,20,10.0,1.426944,5.301955e-02,0.500000
12,17,tanh,20,1000.0,1.426671,5.015285e-02,0.496324
13,18,sigmoid,1,10.0,1.866242,1.919115e-03,0.467320
13,18,sigmoid,1,1000.0,0.595022,6.316200e-05,0.937908
13,18,sigmoid,3,10.0,2.168499,1.099277e-03,0.343137
13,18,sigmoid,3,1000.0,0.782120,3.709643e-05,0.862745
13,18,sigmoid,5,10.0,2.205032,1.060453e-03,0.320261
13,18,sigmoid,5,1000.0,0.863829,3.751883e-05,0.800654
13,18,sigmoid,10,10.0,2.235440,1.104002e-03,0.297386
13,18,sigmoid,10,1000.0,0.891833,3.966293e-05,0.774510
13,18,sigmoid,15,10.0,2.245571,1.085823e-03,0.310458
13,18,sigmoid,15,1000.0,0.895082,3.923243e-05,0.774510
13,18,sigmoid,20,10.0,2.303353,5.570604e-04,0.251634
13,18,sigmoid,20,1000.0,0.893958,3.958545e-05,0.771242
13,18,tanh,1,10.0,0.459159,9.906090e-03,0.888889
13,18,tanh,1,1000.0,0.099072,4.909207e-04,0.977124
13,18,tanh,3,10.0,0.473973,1.493678e-02,0.901961
13,18,tanh,3,1000.0,0.099955,4.876537e-04,0.977124
13,18,tanh,5,10.0,0.666758,2.995247e-02,0.839869
13,18,tanh,5,1000.0,0.584150,3.243330e-02,0.849673
13,18,tanh,10,10.0,0.997614,7.172758e-02,0.689542
13,18,tanh,10,1000.0,1.019712,7.333683e-02,0.669935
13,18,tanh,15,10.0,1.089325,7.489742e-02,0.643791
13,18,tanh,15,1000.0,1.056819,9.629375e-02,0.666667
13,18,tanh,20,10.0,1.388190,2.730859e-01,0.539216
13,18,tanh,20,1000.0,1.313502,1.488833e-01,0.529412
14,19,sigmoid,1,10.0,1.913929,1.505914e-03,0.470760
14,19,sigmoid,1,1000.0,0.719291,4.183941e-05,0.935673
14,19,sigmoid,3,10.0,2.190912,9.354346e-04,0.377193
14,19,sigmoid,3,1000.0,0.904613,3.224600e-05,0.871345
14,19,sigmoid,5,10.0,2.209764,1.008597e-03,0.380117
14,19,sigmoid,5,1000.0,0.910588,3.042083e-05,0.850877
14,19,sigmoid,10,10.0,2.259621,1.055267e-03,0.339181
14,19,sigmoid,10,1000.0,0.942602,2.962060e-05,0.836257
14,19,sigmoid,15,10.0,2.258793,9.727775e-04,0.362573
14,19,sigmoid,15,1000.0,0.925101,3.033788e-05,0.830409
14,19,sigmoid,20,10.0,2.298741,4.445000e-04,0.318713
14,19,sigmoid,20,1000.0,0.915455,2.883094e-05,0.842105
14,19,tanh,1,10.0,0.967073,4.234998e-02,0.698830
14,19,tanh,1,1000.0,0.727834,3.479241e-02,0.777778
14,19,tanh,3,10.0,1.149816,6.197041e-02,0.605263
14,19,tanh,3,1000.0,1.078886,4.773912e-02,0.649123
14,19,tanh,5,10.0,1.223960,5.012134e-02,0.590643
14,19,tanh,5,1000.0,1.074610,4.808992e-02,0.657895
14,19,tanh,10,10.0,1.207335,5.926233e-02,0.593567
14,19,tanh,10,1000.0,1.227869,4.662583e-02,0.593567
14,19,tanh,15,10.0,1.213055,4.322401e-02,0.590643
14,19,tanh,15,1000.0,1.177639,3.927352e-02,0.590643
14,19,tanh,20,10.0,1.496799,1.595023e-01,0.505848
14,19,tanh,20,1000.0,1.482372,4.682247e-02,0.497076
15,20,sigmoid,1,10.0,1.747492,1.860355e-03,0.518421
15,20,sigmoid,1,1000.0,0.504231,4.425718e-05,0.960526
15,20,sigmoid,3,10.0,2.085280,1.087074e-03,0.368421
15,20,sigmoid,3,1000.0,0.723792,4.500565e-05,0.878947
15,20,sigmoid,5,10.0,2.086233,1.031963e-03,0.389474
15,20,sigmoid,5,1000.0,0.772909,3.962024e-05,0.873684
15,20,sigmoid,10,10.0,2.125870,1.074616e-03,0.397368
15,20,sigmoid,10,1000.0,0.791061,4.056763e-05,0.842105
15,20,sigmoid,15,10.0,2.151121,1.060895e-03,0.368421
15,20,sigmoid,15,1000.0,0.776166,3.905189e-05,0.836842
15,20,sigmoid,20,10.0,2.219048,5.973155e-04,0.347368
15,20,sigmoid,20,1000.0,0.886253,3.786310e-05,0.781579
15,20,tanh,1,10.0,0.821843,7.853967e-02,0.744737
15,20,tanh,1,1000.0,0.316672,2.232746e-02,0.931579
15,20,tanh,3,10.0,1.061378,1.128490e-01,0.607895
15,20,tanh,3,1000.0,1.022791,9.505453e-02,0.671053
15,20,tanh,5,10.0,1.175569,1.251851e-01,0.589474
15,20,tanh,5,1000.0,1.006954,8.773193e-02,0.628947
15,20,tanh,10,10.0,1.210129,1.277163e-01,0.555263
15,20,tanh,10,1000.0,1.163288,1.249575e-01,0.565789
15,20,tanh,15,10.0,1.295726,1.144480e-01,0.521053
15,20,tanh,15,1000.0,1.256714,1.120182e-01,0.539474
15,20,tanh,20,10.0,1.428619,1.356350e-01,0.497368
15,20,tanh,20,1000.0,1.396620,1.205963e-01,0.502632
16,5,sigmoid,1,10.0,2.327677,2.062006e-03,0.150000
16,5,sigmoid,1,1000.0,0.849576,1.938185e-04,0.800000
16,5,sigmoid,3,10.0,2.329567,9.705415e-04,0.150000
16,5,sigmoid,3,1000.0,1.224705,1.479247e-04,0.600000
16,5,sigmoid,5,10.0,2.329708,9.832036e-04,0.150000
16,5,sigmoid,5,1000.0,1.213809,1.480990e-04,0.450000
16,5,sigmoid,10,10.0,2.329706,9.811850e-04,0.150000
16,5,sigmoid,10,1000.0,1.213926,1.480154e-04,0.450000
16,5,sigmoid,15,10.0,2.329705,9.811663e-04,0.150000
16,5,sigmoid,15,1000.0,1.213923,1.480147e-04,0.450000
16,5,sigmoid,20,10.0,2.329705,9.811661e-04,0.150000
16,5,sigmoid,20,1000.0,1.213922,1.480145e-04,0.450000
16,5,tanh,1,10.0,1.391154,1.762204e-02,0.500000
16,5,tanh,1,1000.0,0.308064,6.645230e-04,1.000000
16,5,tanh,3,10.0,1.797020,7.067955e-03,0.500000
16,5,tanh,3,1000.0,0.389788,4.391462e-04,0.850000
16,5,tanh,5,10.0,1.804254,5.746895e-03,0.500000
16,5,tanh,5,1000.0,0.453339,3.724980e-04,0.850000
16,5,tanh,10,10.0,2.014971,5.152188e-03,0.350000
16,5,tanh,10,1000.0,0.539649,3.654687e-04,0.850000
16,5,tanh,15,10.0,2.042016,3.870348e-03,0.350000
16,5,tanh,15,1000.0,0.704739,9.010157e-04,0.750000
16,5,tanh,20,10.0,2.141862,4.392224e-03,0.150000
16,5,tanh,20,1000.0,1.165081,3.076478e-04,0.800000
17,6,sigmoid,1,10.0,2.057652,2.949768e-03,0.233333
17,6,sigmoid,1,1000.0,0.655962,1.793407e-04,0.866667
17,6,sigmoid,3,10.0,2.054187,1.153716e-03,0.233333
17,6,sigmoid,3,1000.0,0.912511,1.358130e-04,0.833333
17,6,sigmoid,5,10.0,2.053756,1.147928e-03,0.233333
17,6,sigmoid,5,1000.0,0.926742,1.357830e-04,0.833333
17,6,sigmoid,10,10.0,2.053721,1.147227e-03,0.233333
17,6,sigmoid,10,1000.0,0.926055,1.357096e-04,0.833333
17,6,sigmoid,15,10.0,2.053722,1.147157e-03,0.233333
17,6,sigmoid,15,1000.0,0.926061,1.357100e-04,0.833333
17,6,sigmoid,20,10.0,2.053722,1.147159e-03,0.233333
17,6,sigmoid,20,1000.0,0.926060,1.357099e-04,0.833333
17,6,tanh,1,10.0,1.265248,1.285980e-02,0.533333
17,6,tanh,1,1000.0,0.289507,3.312062e-04,0.966667
17,6,tanh,3,10.0,1.620608,4.717015e-03,0.466667
17,6,tanh,3,1000.0,0.404216,2.832233e-04,0.900000
17,6,tanh,5,10.0,1.645417,3.898961e-03,0.466667
17,6,tanh,5,1000.0,0.566251,2.506170e-04,0.933333
17,6,tanh,10,10.0,1.601325,9.023913e-03,0.500000
17,6,tanh,10,1000.0,0.938696,8.496369e-03,0.733333
17,6,tanh,15,10.0,1.665763,8.679844e-03,0.466667
17,6,tanh,15,1000.0,0.877680,1.008779e-04,0.800000
17,6,tanh,20,10.0,1.368212,1.642670e-02,0.600000
17,6,tanh,20,1000.0,1.325864,1.609294e-02,0.600000
