model_id,n_concepts,activation,method,divergence,error,sign_agreement,spec_ratio,trace_abs_diff
0,5,sigmoid,proposal,1.783882,9.610471e-04,0.400000,0.520310,0.000000e+00
0,5,sigmoid,similarity,1.018133,1.688267e-02,0.550000,0.336916,0.000000e+00
0,5,sigmoid,perturbation,1.420632,1.725282e-02,0.650000,0.646649,0.000000e+00
0,5,sigmoid,rewiring,1.494625,2.949308e-02,0.500000,0.329941,0.000000e+00
0,5,tanh,proposal,0.389581,2.872325e-03,0.850000,0.120973,0.000000e+00
0,5,tanh,similarity,1.018133,1.227580e-01,0.550000,0.336916,0.000000e+00
0,5,tanh,perturbation,0.390461,2.419800e-01,0.900000,0.131040,0.000000e+00
0,5,tanh,rewiring,1.494625,1.454819e-01,0.500000,0.329941,0.000000e+00
1,6,sigmoid,proposal,1.450794,6.888364e-04,0.600000,0.147063,0.000000e+00
1,6,sigmoid,similarity,1.123220,2.983012e-02,0.500000,0.504194,0.000000e+00
1,6,sigmoid,perturbation,1.450681,3.938528e-02,0.566667,0.403524,0.000000e+00
1,6,sigmoid,rewiring,1.511823,4.427696e-02,0.466667,0.107152,0.000000e+00
1,6,tanh,proposal,0.656783,2.999562e-03,0.833333,0.173605,0.000000e+00
1,6,tanh,similarity,1.123220,1.717499e-01,0.500000,0.504194,0.000000e+00
1,6,tanh,perturbation,0.656285,2.016592e-01,0.766667,0.268133,0.000000e+00
1,6,tanh,rewiring,1.511823,2.975203e-01,0.466667,0.107152,0.000000e+00
2,7,sigmoid,proposal,1.472792,6.305694e-04,0.547619,0.115386,0.000000e+00
2,7,sigmoid,similarity,1.123559,3.198104e-02,0.619048,0.309146,0.000000e+00
2,7,sigmoid,perturbation,1.472344,6.702395e-02,0.642857,0.315936,0.000000e+00
2,7,sigmoid,rewiring,1.330633,3.862845e-02,0.523810,0.198188,0.000000e+00
2,7,tanh,proposal,0.454117,2.915268e-03,0.952381,0.089722,0.000000e+00
2,7,tanh,similarity,1.123559,1.108153e-01,0.619048,0.309146,0.000000e+00
2,7,tanh,perturbation,0.454970,7.049946e-02,0.928571,0.160628,0.000000e+00
2,7,tanh,rewiring,1.330633,3.409356e-01,0.523810,0.198188,0.000000e+00
3,8,sigmoid,proposal,1.507780,6.542583e-04,0.607143,0.412676,0.000000e+00
3,8,sigmoid,similarity,1.236323,1.937145e-02,0.428571,0.380230,0.000000e+00
3,8,sigmoid,perturbation,1.507747,5.596394e-02,0.607143,0.873811,0.000000e+00
3,8,sigmoid,rewiring,1.333656,6.740766e-02,0.571429,0.331193,0.000000e+00
3,8,tanh,proposal,0.508591,1.937624e-03,0.875000,0.045385,0.000000e+00
3,8,tanh,similarity,1.236323,2.241281e-01,0.428571,0.380230,0.000000e+00
3,8,tanh,perturbation,0.509563,3.099000e-01,0.839286,0.419359,0.000000e+00
3,8,tanh,rewiring,1.333656,5.780774e-01,0.571429,0.331193,0.000000e+00
4,9,sigmoid,proposal,1.418707,6.961924e-04,0.652778,0.123842,0.000000e+00
4,9,sigmoid,similarity,1.357747,3.696830e-02,0.402778,0.412129,0.000000e+00
4,9,sigmoid,perturbation,1.418331,2.156652e-02,0.680556,0.271255,0.000000e+00
4,9,sigmoid,rewiring,1.430864,3.752290e-02,0.527778,0.138547,0.000000e+00
4,9,tanh,proposal,0.391162,2.753736e-03,0.902778,0.064272,0.000000e+00
4,9,tanh,similarity,1.357747,2.511812e-01,0.402778,0.412129,0.000000e+00
4,9,tanh,perturbation,0.391519,2.270100e-01,0.902778,0.159825,0.000000e+00
4,9,tanh,rewiring,1.430864,4.203658e-01,0.527778,0.138547,0.000000e+00
5,10,sigmoid,proposal,1.328290,4.024514e-04,0.766667,0.179529,0.000000e+00
5,10,sigmoid,similarity,1.111415,5.991211e-02,0.466667,0.550071,0.000000e+00
5,10,sigmoid,perturbation,1.328833,2.564225e-02,0.700000,0.431694,0.000000e+00
5,10,sigmoid,rewiring,1.405211,5.951694e-02,0.511111,0.118420,0.000000e+00
5,10,tanh,proposal,0.514175,1.426654e-03,0.855556,0.092638,0.000000e+00
5,10,tanh,similarity,1.111415,2.438332e-01,0.466667,0.550071,0.000000e+00
5,10,tanh,perturbation,0.514420,8.146328e-02,0.888889,0.242655,0.000000e+00
5,10,tanh,rewiring,1.405211,4.564912e-01,0.511111,0.118420,0.000000e+00
6,11,sigmoid,proposal,1.276795,4.998571e-04,0.700000,0.116042,0.000000e+00
6,11,sigmoid,similarity,1.199049,4.719725e-02,0.472727,0.307080,0.000000e+00
6,11,sigmoid,perturbation,1.276891,7.673099e-02,0.681818,0.277251,0.000000e+00
6,11,sigmoid,rewiring,1.291261,1.671647e-02,0.563636,0.106320,0.000000e+00
6,11,tanh,proposal,0.394712,1.918174e-03,0.963636,0.066062,0.000000e+00
6,11,tanh,similarity,1.199049,3.448636e-01,0.472727,0.307080,0.000000e+00
6,11,tanh,perturbation,0.394748,2.375430e-01,0.881818,0.204736,0.000000e+00
6,11,tanh,rewiring,1.291261,4.176766e-01,0.563636,0.106320,0.000000e+00
7,12,sigmoid,proposal,1.140435,4.700931e-04,0.727273,0.190843,0.000000e+00
7,12,sigmoid,similarity,1.102789,2.569163e-02,0.545455,0.414648,0.000000e+00
7,12,sigmoid,perturbation,1.140136,3.765643e-02,0.689394,0.496613,0.000000e+00
7,12,sigmoid,rewiring,1.387461,5.093137e-02,0.530303,0.202488,0.000000e+00
7,12,tanh,proposal,0.433417,1.679113e-03,0.939394,0.057541,0.000000e+00
7,12,tanh,similarity,1.102789,6.700550e-01,0.545455,0.414648,0.000000e+00
7,12,tanh,perturbation,0.432941,1.722723e-01,0.863636,0.231361,0.000000e+00
7,12,tanh,rewiring,1.387461,5.284829e-01,0.530303,0.202488,0.000000e+00
8,13,sigmoid,proposal,1.186695,3.493758e-04,0.788462,0.152751,0.000000e+00
8,13,sigmoid,similarity,1.166858,3.402063e-02,0.500000,0.424333,0.000000e+00
8,13,sigmoid,perturbation,1.187178,2.201641e-02,0.705128,0.401067,0.000000e+00
8,13,sigmoid,rewiring,1.310655,4.520198e-02,0.576923,0.110745,0.000000e+00
8,13,tanh,proposal,0.352333,1.788300e-03,0.916667,0.067259,0.000000e+00
8,13,tanh,similarity,1.166858,3.212381e-01,0.500000,0.424333,0.000000e+00
8,13,tanh,perturbation,0.352222,2.214858e-01,0.935897,0.137538,0.000000e+00
8,13,tanh,rewiring,1.310655,4.815213e-01,0.576923,0.110745,0.000000e+00
9,14,sigmoid,proposal,1.160114,2.752794e-04,0.791209,0.196651,0.000000e+00
9,14,sigmoid,similarity,1.052503,6.313392e-02,0.543956,0.499502,0.000000e+00
9,14,sigmoid,perturbation,1.159600,1.775754e-02,0.697802,0.415213,0.000000e+00
9,14,sigmoid,rewiring,1.348528,7.201645e-02,0.571429,0.199035,0.000000e+00
9,14,tanh,proposal,0.310314,2.013721e-03,0.967033,0.035059,0.000000e+00
9,14,tanh,similarity,1.052503,3.483120e-01,0.543956,0.499502,0.000000e+00
9,14,tanh,perturbation,0.309782,1.746181e-01,0.923077,0.158003,0.000000e+00
9,14,tanh,rewiring,1.348528,6.480516e-01,0.571429,0.199035,0.000000e+00
10,15,sigmoid,proposal,1.077882,3.612887e-04,0.785714,0.116353,0.000000e+00
10,15,sigmoid,similarity,1.147892,5.619644e-02,0.509524,0.442615,0.000000e+00
10,15,sigmoid,perturbation,1.077162,5.587546e-02,0.700000,0.296305,0.000000e+00
10,15,sigmoid,rewiring,1.457410,3.980985e-02,0.495238,0.116869,0.000000e+00
10,15,tanh,proposal,0.275825,2.228028e-03,0.952381,0.054324,0.000000e+00
10,15,tanh,similarity,1.147892,3.448805e-01,0.509524,0.442615,0.000000e+00
10,15,tanh,perturbation,0.275594,3.601791e-01,0.952381,0.103583,0.000000e+00
10,15,tanh,rewiring,1.457410,7.064415e-01,0.495238,0.116869,0.000000e+00
11,16,sigmoid,proposal,1.137068,3.366149e-04,0.816667,0.263145,0.000000e+00
11,16,sigmoid,similarity,1.061678,5.153583e-02,0.537500,0.497161,0.000000e+00
11,16,sigmoid,perturbation,1.137225,2.126226e-02,0.670833,0.388527,0.000000e+00
11,16,sigmoid,rewiring,1.442193,1.461033e-01,0.483333,0.109345,0.000000e+00
11,16,tanh,proposal,0.313962,1.843657e-03,0.941667,0.077718,0.000000e+00
11,16,tanh,similarity,1.061678,4.120986e-01,0.537500,0.497161,0.000000e+00
11,16,tanh,perturbation,0.314060,2.410103e-01,0.925000,0.091606,0.000000e+00
11,16,tanh,rewiring,1.442193,8.042370e-01,0.483333,0.109345,0.000000e+00
12,17,sigmoid,proposal,1.087910,2.453114e-04,0.805147,0.172367,0.000000e+00
12,17,sigmoid,similarity,1.089413,6.654109e-02,0.488971,0.553288,0.000000e+00
12,17,sigmoid,perturbation,1.087757,3.442583e-02,0.738971,0.143377,0.000000e+00
12,17,sigmoid,rewiring,1.401008,8.833472e-02,0.500000,0.110540,0.000000e+00
12,17,tanh,proposal,0.202787,2.681390e-03,0.959559,0.046854,0.000000e+00
12,17,tanh,similarity,1.089413,3.688966e-01,0.488971,0.553288,0.000000e+00
12,17,tanh,perturbation,0.202090,2.651623e-01,0.966912,0.062012,0.000000e+00
12,17,tanh,rewiring,1.401008,7.296807e-01,0.500000,0.110540,0.000000e+00
13,18,sigmoid,proposal,1.039475,3.448544e-04,0.771242,0.134847,0.000000e+00
13,18,sigmoid,similarity,1.174195,5.870012e-02,0.506536,0.391512,0.000000e+00
13,18,sigmoid,perturbation,1.039435,4.363444e-02,0.741830,0.276017,0.000000e+00
13,18,sigmoid,rewiring,1.381959,6.699977e-02,0.516340,0.228565,0.000000e+00
13,18,tanh,proposal,0.231442,2.184245e-03,0.964052,0.024646,0.000000e+00
13,18,tanh,similarity,1.174195,5.687069e-01,0.506536,0.391512,0.000000e+00
13,18,tanh,perturbation,0.231494,4.589692e-01,0.937908,0.090780,0.000000e+00
13,18,tanh,rewiring,1.381959,7.223936e-01,0.516340,0.228565,0.000000e+00
14,19,sigmoid,proposal,1.134480,2.357365e-04,0.807018,0.130344,0.000000e+00
14,19,sigmoid,similarity,1.172127,6.821138e-02,0.491228,0.424085,0.000000e+00
14,19,sigmoid,perturbation,1.134888,6.561760e-02,0.701754,0.379964,0.000000e+00
14,19,sigmoid,rewiring,1.416331,8.553280e-02,0.491228,0.121120,0.000000e+00
14,19,tanh,proposal,0.776419,3.773912e-02,0.771930,0.160695,0.000000e+00
14,19,tanh,similarity,1.172127,6.305073e-01,0.491228,0.424085,0.000000e+00
14,19,tanh,perturbation,0.776475,7.418055e-01,0.780702,0.233958,0.000000e+00
14,19,tanh,rewiring,1.416331,7.033367e-01,0.491228,0.121120,0.000000e+00
15,20,sigmoid,proposal,0.946755,3.566154e-04,0.781579,0.106936,0.000000e+00
15,20,sigmoid,similarity,1.098385,4.027348e-02,0.494737,0.534167,0.000000e+00
15,20,sigmoid,perturbation,0.946879,3.568738e-02,0.736842,0.259603,0.000000e+00
15,20,sigmoid,rewiring,1.445179,5.447363e-02,0.489474,0.104433,0.000000e+00
15,20,tanh,proposal,0.162038,2.931139e-03,0.957895,0.036705,0.000000e+00
15,20,tanh,similarity,1.098385,3.791352e-01,0.494737,0.534167,0.000000e+00
15,20,tanh,perturbation,0.161461,1.814674e-01,0.965789,0.054633,0.000000e+00
15,20,tanh,rewiring,1.445179,6.747846e-01,0.489474,0.104433,0.000000e+00
16,5,sigmoid,proposal,1.795567,9.544860e-04,0.350000,0.745279,0.000000e+00
16,5,sigmoid,similarity,1.040976,1.730680e-02,0.650000,0.204239,0.000000e+00
16,5,sigmoid,perturbation,1.537917,3.248518e-02,0.650000,0.271287,0.000000e+00
16,5,sigmoid,rewiring,1.450431,2.300002e-02,0.400000,0.106818,0.000000e+00
16,5,tanh,proposal,0.560133,2.091276e-03,0.950000,0.058419,0.000000e+00
16,5,tanh,similarity,1.040976,4.680789e-02,0.650000,0.204239,0.000000e+00
16,5,tanh,perturbation,0.559714,4.378303e-02,0.800000,0.321671,0.000000e+00
16,5,tanh,rewiring,1.450431,6.258377e-02,0.400000,0.106818,0.000000e+00
17,6,sigmoid,proposal,1.344102,9.573214e-04,0.600000,0.248978,0.000000e+00
17,6,sigmoid,similarity,1.062919,3.659044e-02,0.533333,0.423613,0.000000e+00
17,6,sigmoid,perturbation,1.344737,4.864706e-02,0.633333,0.254787,0.000000e+00
17,6,sigmoid,rewiring,1.138393,1.843691e-02,0.666667,0.260058,0.000000e+00
17,6,tanh,proposal,0.553336,2.385874e-03,0.900000,0.065754,0.000000e+00
17,6,tanh,similarity,1.062919,3.760579e-01,0.533333,0.423613,0.000000e+00
17,6,tanh,perturbation,0.553222,9.621711e-02,0.866667,0.180775,0.000000e+00
17,6,tanh,rewiring,1.138393,5.236601e-01,0.666667,0.260058,0.000000e+00
