model_id,n_concepts,activation,rho,t_alpha,divergence,recon_err,recon_rel,sign_agree_recon,edge_prec,edge_rec,naive_err,orig_rel,orig_sign
0,5,sigmoid,1.0,1,2.377632,6.409873,2.362823,0.150000,1.000000,1.000000,2.377632,0.000000,1.000000
0,5,sigmoid,100.0,1,1.783882,4.830552,1.780650,0.400000,1.000000,1.000000,1.783882,0.000000,1.000000
0,5,sigmoid,10000.0,1,0.391228,1.058907,0.390337,0.850000,1.000000,1.000000,0.391228,0.000000,1.000000
0,5,sigmoid,1.0,20,2.372899,6.288946,2.318246,0.200000,1.000000,1.000000,2.372899,0.000000,1.000000
0,5,sigmoid,100.0,20,2.145999,5.753099,2.120721,0.250000,1.000000,1.000000,2.145999,0.000000,1.000000
0,5,sigmoid,10000.0,20,0.597787,1.557752,0.574222,0.800000,1.000000,1.000000,0.597787,0.000000,1.000000
0,5,tanh,1.0,1,2.178263,5.906560,2.177290,0.300000,1.000000,1.000000,2.178263,0.000000,1.000000
0,5,tanh,100.0,1,0.389581,1.055625,0.389127,0.850000,1.000000,0.950000,0.389581,0.000000,1.000000
0,5,tanh,10000.0,1,0.119999,0.325708,0.120063,1.000000,1.000000,1.000000,0.119999,0.000000,1.000000
0,5,tanh,1.0,20,2.065053,1.018479,0.375434,0.800000,1.000000,1.000000,2.065053,0.000000,1.000000
0,5,tanh,100.0,20,1.769519,0.668261,0.246336,0.900000,1.000000,1.000000,1.769519,0.000000,1.000000
0,5,tanh,10000.0,20,0.396042,0.149940,0.055271,1.000000,1.000000,1.000000,0.396042,0.000000,1.000000
1,6,sigmoid,1.0,1,2.127815,7.256686,2.119957,0.333333,1.000000,1.000000,2.127815,0.000000,1.000000
1,6,sigmoid,100.0,1,1.450794,4.875641,1.424362,0.600000,1.000000,1.000000,1.450794,0.000000,1.000000
1,6,sigmoid,10000.0,1,0.438606,1.270112,0.371049,0.966667,1.000000,1.000000,0.438606,0.000000,1.000000
1,6,sigmoid,1.0,20,2.152575,7.155039,2.090262,0.300000,1.000000,1.000000,2.152575,0.000000,1.000000
1,6,sigmoid,100.0,20,1.870785,6.113968,1.786125,0.433333,1.000000,1.000000,1.870785,0.000000,1.000000
1,6,sigmoid,10000.0,20,0.620904,1.685584,0.492424,0.933333,1.000000,1.000000,0.620904,0.000000,1.000000
1,6,tanh,1.0,1,1.871230,6.403248,1.870635,0.366667,1.000000,1.000000,1.871230,0.000000,1.000000
1,6,tanh,100.0,1,0.656783,2.241622,0.654864,0.833333,1.000000,1.000000,0.656783,0.000000,1.000000
1,6,tanh,10000.0,1,0.140755,0.482206,0.140871,1.000000,1.000000,1.000000,0.140755,0.000000,1.000000
1,6,tanh,1.0,20,2.105614,6.009877,1.755716,0.300000,1.000000,1.000000,2.105614,0.000000,1.000000
1,6,tanh,100.0,20,1.230661,1.805701,0.527515,0.800000,1.000000,1.000000,1.230661,0.000000,1.000000
1,6,tanh,10000.0,20,1.939466,3.162642,0.923929,0.700000,1.000000,0.966667,1.939466,0.000000,1.000000
2,7,sigmoid,1.0,1,2.179690,8.691581,2.152737,0.309524,1.000000,1.000000,2.179690,0.000000,1.000000
2,7,sigmoid,100.0,1,1.472792,5.894678,1.459998,0.547619,1.000000,1.000000,1.472792,0.000000,1.000000
2,7,sigmoid,10000.0,1,0.449351,1.756747,0.435112,0.976190,1.000000,1.000000,0.449351,0.000000,1.000000
2,7,sigmoid,1.0,20,2.176096,8.427547,2.087341,0.333333,1.000000,1.000000,2.176096,0.000000,1.000000
2,7,sigmoid,100.0,20,1.781103,6.898018,1.708506,0.547619,1.000000,1.000000,1.781103,0.000000,1.000000
2,7,sigmoid,10000.0,20,0.588192,1.847928,0.457696,0.952381,1.000000,1.000000,0.588192,0.000000,1.000000
2,7,tanh,1.0,1,1.826627,7.370595,1.825554,0.500000,1.000000,1.000000,1.826627,0.000000,1.000000
2,7,tanh,100.0,1,0.454117,1.832729,0.453932,0.952381,1.000000,0.976190,0.454117,0.000000,1.000000
2,7,tanh,10000.0,1,0.100748,0.409059,0.101316,0.952381,1.000000,1.000000,0.100748,0.000000,1.000000
2,7,tanh,1.0,20,2.056497,6.407543,1.587025,0.500000,1.000000,0.976190,2.056497,0.000000,1.000000
2,7,tanh,100.0,20,1.151215,2.825196,0.699747,0.785714,1.000000,1.000000,1.151215,0.000000,1.000000
2,7,tanh,10000.0,20,1.467397,1.814229,0.449350,0.976190,1.000000,1.000000,1.467397,0.000000,1.000000
3,8,sigmoid,1.0,1,2.379135,10.081729,2.344421,0.285714,0.982143,1.000000,2.379135,0.000000,1.000000
3,8,sigmoid,100.0,1,1.507780,6.244838,1.452184,0.607143,0.982143,1.000000,1.507780,0.000000,1.000000
3,8,sigmoid,10000.0,1,0.391653,1.613593,0.375227,0.964286,0.982143,1.000000,0.391653,0.000000,1.000000
3,8,sigmoid,1.0,20,2.348247,9.812706,2.281862,0.285714,0.982143,1.000000,2.348247,0.000000,1.000000
3,8,sigmoid,100.0,20,1.862747,7.467696,1.736549,0.535714,0.982143,1.000000,1.862747,0.000000,1.000000
3,8,sigmoid,10000.0,20,0.617209,1.966147,0.457211,0.910714,0.982143,1.000000,0.617209,0.000000,1.000000
3,8,tanh,1.0,1,1.718677,7.389614,1.718392,0.607143,0.982143,1.000000,1.718677,0.000000,1.000000
3,8,tanh,100.0,1,0.508591,2.184271,0.507934,0.875000,0.982143,1.000000,0.508591,0.000000,1.000000
3,8,tanh,10000.0,1,0.125082,0.532744,0.123885,0.982143,1.000000,1.000000,0.125082,0.000000,1.000000
3,8,tanh,1.0,20,2.152544,7.215153,1.677823,0.375000,0.982143,1.000000,2.152544,0.000000,1.000000
3,8,tanh,100.0,20,1.559216,6.481733,1.507272,0.464286,0.982143,1.000000,1.559216,0.000000,1.000000
3,8,tanh,10000.0,20,1.811794,3.977675,0.924975,0.767857,0.981818,0.981818,1.811794,0.000000,1.000000
4,9,sigmoid,1.0,1,2.495714,11.618053,2.478781,0.291667,0.958333,1.000000,2.495714,0.000000,1.000000
4,9,sigmoid,100.0,1,1.418707,6.450220,1.376193,0.652778,0.957746,0.985507,1.418707,0.000000,1.000000
4,9,sigmoid,10000.0,1,0.320751,1.480756,0.315928,0.902778,0.957143,0.971014,0.320751,0.000000,1.000000
4,9,sigmoid,1.0,20,2.497301,11.250295,2.400317,0.291667,0.958333,1.000000,2.497301,0.000000,1.000000
4,9,sigmoid,100.0,20,1.963513,4.301226,0.917692,0.638889,0.955882,0.942029,1.963513,0.000000,1.000000
4,9,sigmoid,10000.0,20,0.486752,2.030512,0.433222,0.888889,0.957746,0.985507,0.486752,0.000000,1.000000
4,9,tanh,1.0,1,1.564435,7.328316,1.563540,0.583333,0.958333,1.000000,1.564435,0.000000,1.000000
4,9,tanh,100.0,1,0.391162,1.831771,0.390819,0.902778,0.958333,1.000000,0.391162,0.000000,1.000000
4,9,tanh,10000.0,1,0.083556,0.389547,0.083112,0.944444,0.957746,0.985507,0.083556,0.000000,1.000000
4,9,tanh,1.0,20,1.977206,3.115615,0.664735,0.833333,0.957746,0.985507,1.977206,0.000000,1.000000
4,9,tanh,100.0,20,1.368388,3.252890,0.694023,0.791667,0.957746,0.985507,1.368388,0.000000,1.000000
4,9,tanh,10000.0,20,1.498523,3.037337,0.648034,0.833333,0.957746,0.985507,1.498523,0.000000,1.000000
5,10,sigmoid,1.0,1,2.299637,12.424420,2.260910,0.333333,0.988889,1.000000,2.299637,0.000000,1.000000
5,10,sigmoid,100.0,1,1.328290,6.695386,1.218380,0.777778,0.988889,1.000000,1.328290,0.000000,1.000000
5,10,sigmoid,10000.0,1,0.405004,1.789572,0.325654,0.955556,0.988889,1.000000,0.405004,0.000000,1.000000
5,10,sigmoid,1.0,20,2.289228,11.944533,2.173584,0.344444,0.988889,1.000000,2.289228,0.000000,1.000000
5,10,sigmoid,100.0,20,1.765180,7.881062,1.434141,0.577778,0.988889,1.000000,1.765180,0.000000,1.000000
5,10,sigmoid,10000.0,20,0.600775,0.008538,0.001554,1.000000,1.000000,1.000000,0.600775,0.000000,1.000000
5,10,tanh,1.0,1,1.668297,9.161515,1.667149,0.544444,0.988889,1.000000,1.668297,0.000000,1.000000
5,10,tanh,100.0,1,0.514175,2.826269,0.514305,0.855556,0.988636,0.977528,0.514175,0.000000,1.000000
5,10,tanh,10000.0,1,0.121001,0.653708,0.118957,0.966667,0.988764,0.988764,0.121001,0.000000,1.000000
5,10,tanh,1.0,20,1.939853,7.760434,1.412190,0.555556,0.988889,1.000000,1.939853,0.000000,1.000000
5,10,tanh,100.0,20,1.491329,4.499478,0.818784,0.777778,0.988764,0.988764,1.491329,0.000000,1.000000
5,10,tanh,10000.0,20,1.406050,3.786245,0.688995,0.844444,0.988764,0.988764,1.406050,0.000000,1.000000
6,11,sigmoid,1.0,1,2.426092,14.038299,2.369794,0.272727,0.990826,0.990826,2.426092,0.000000,1.000000
6,11,sigmoid,100.0,1,1.276795,7.116947,1.201406,0.709091,0.990654,0.972477,1.276795,0.000000,1.000000
6,11,sigmoid,10000.0,1,0.396500,2.165098,0.365488,0.954545,0.990826,0.990826,0.396500,0.000000,1.000000
6,11,sigmoid,1.0,20,2.413930,13.251638,2.236998,0.272727,0.990909,1.000000,2.413930,0.000000,1.000000
6,11,sigmoid,100.0,20,1.930695,4.296900,0.725356,0.845455,0.990826,0.990826,1.930695,0.000000,1.000000
6,11,sigmoid,10000.0,20,0.572158,0.007051,0.001190,1.000000,1.000000,1.000000,0.572158,0.000000,1.000000
6,11,tanh,1.0,1,1.748765,10.356362,1.748249,0.472727,0.990826,0.990826,1.748765,0.000000,1.000000
6,11,tanh,100.0,1,0.394712,2.338526,0.394765,0.963636,0.990826,0.990826,0.394712,0.000000,1.000000
6,11,tanh,10000.0,1,0.087604,0.513933,0.086757,0.981818,1.000000,0.990826,0.087604,0.000000,1.000000
6,11,tanh,1.0,20,1.825141,4.628006,0.781250,0.745455,0.990826,0.990826,1.825141,0.000000,1.000000
6,11,tanh,100.0,20,1.389285,3.821047,0.645028,0.809091,0.990909,1.000000,1.389285,0.000000,1.000000
6,11,tanh,10000.0,20,1.166242,4.052133,0.684037,0.809091,0.990909,1.000000,1.166242,0.000000,1.000000
7,12,sigmoid,1.0,1,2.376878,15.747640,2.345175,0.257576,1.000000,1.000000,2.376878,0.000000,1.000000
7,12,sigmoid,100.0,1,1.140435,6.972918,1.038423,0.727273,1.000000,0.992424,1.140435,0.000000,1.000000
7,12,sigmoid,10000.0,1,0.339633,1.941661,0.289157,0.939394,1.000000,0.984848,0.339633,0.000000,1.000000
7,12,sigmoid,1.0,20,2.363582,14.939500,2.224825,0.272727,1.000000,1.000000,2.363582,0.000000,1.000000
7,12,sigmoid,100.0,20,1.800843,4.830727,0.719403,0.803030,1.000000,0.992424,1.800843,0.000000,1.000000
7,12,sigmoid,10000.0,20,0.533006,0.005243,0.000781,1.000000,1.000000,1.000000,0.533006,0.000000,1.000000
7,12,tanh,1.0,1,1.837767,12.329746,1.836174,0.439394,1.000000,0.984848,1.837767,0.000000,1.000000
7,12,tanh,100.0,1,0.433417,2.899964,0.431869,0.939394,1.000000,0.984848,0.433417,0.000000,1.000000
7,12,tanh,10000.0,1,0.099944,0.665242,0.099069,0.992424,1.000000,1.000000,0.099944,0.000000,1.000000
7,12,tanh,1.0,20,1.477268,4.011054,0.597335,0.833333,1.000000,1.000000,1.477268,0.000000,1.000000
7,12,tanh,100.0,20,1.258682,5.975383,0.889868,0.727273,1.000000,1.000000,1.258682,0.000000,1.000000
7,12,tanh,10000.0,20,1.198012,3.932281,0.585604,0.825758,1.000000,0.992424,1.198012,0.000000,1.000000
8,13,sigmoid,1.0,1,2.328397,16.457455,2.263788,0.326923,0.987179,1.000000,2.328397,0.000000,1.000000
8,13,sigmoid,100.0,1,1.186695,7.541366,1.037344,0.807692,0.987179,1.000000,1.186695,0.000000,1.000000
8,13,sigmoid,10000.0,1,0.380072,1.125281,0.154787,0.967949,1.000000,1.000000,0.380072,0.000000,1.000000
8,13,sigmoid,1.0,20,2.302877,15.801733,2.173590,0.346154,0.987097,0.993506,2.302877,0.000000,1.000000
8,13,sigmoid,100.0,20,1.646770,8.347452,1.148225,0.608974,0.987013,0.987013,1.646770,0.000000,1.000000
8,13,sigmoid,10000.0,20,0.579454,0.000000,0.000000,1.000000,1.000000,1.000000,0.579454,0.000000,1.000000
8,13,tanh,1.0,1,1.511104,10.980940,1.510471,0.583333,0.987179,1.000000,1.511104,0.000000,1.000000
8,13,tanh,100.0,1,0.352333,2.551911,0.351025,0.916667,0.986928,0.980519,0.352333,0.000000,1.000000
8,13,tanh,10000.0,1,0.077182,0.557243,0.076651,0.987179,1.000000,0.993506,0.077182,0.000000,1.000000
8,13,tanh,1.0,20,1.673498,4.546724,0.625420,0.794872,0.986928,0.980519,1.673498,0.000000,1.000000
8,13,tanh,100.0,20,1.228611,3.482593,0.479044,0.878205,0.993464,0.987013,1.228611,0.000000,1.000000
8,13,tanh,10000.0,20,1.400748,4.480513,0.616312,0.839744,0.987097,0.993506,1.400748,0.000000,1.000000
